Name,Text
Access_to_information_Act.pdf,"REPUBI,IC OF SOUTH  AFRICA

GOVERNMENT GAZETTE

Registered  at  the  Post  O&ce  as  a Nevvspaper

VOL. ~ 16

CAPE TOWN, 3 FEBRUARY 2000

No. 20852

OFFICE OF THE PRESIDENCY

No. 95.

3  February  2000

It  is  hereby  notified  that  the  President  has  assented  to  the
following Act which is hereby published  for general informa-
[ion:—

No. 2 of 2000: Promotion of Access to Information Act. 2000.

~

No. 20S52

GOVERNMENT  GAZE~E. 3 FEBRUARY  20M

Act No. 2,2000

PRON1OTION  OF  ACCESS  TO  INFORhfATION ACT, 2000

(English text signed by  the  President.)
(Assejlted to 2  Februaq  2000.)

ACT

To give effect to the constitutional right of access to any information  held by the
State and any information that is held by another person and that is required for
the exercise or protection of any rights; and to provide for matters connected
theretith.

RECOGNIZING  THAT—

PREAMBLE

*  the  system  of  government  in  South  Africa  before  27  April  1994,  amongst
others, resuhed in a secretive and unresponsive culture in public and private
bodies which often led to an abuse of power and human rights violations;
*  section  8  of  the  Constitution  provides  for  the  horizontal  application  of  the
rights  in  the  Bill  of  Rights  to  juristic  persons  to  the  extent  required  by  the
nature of the rights and the nature of those juristic persons;

*  section  32(1)(a)  of  the  Constitution  provides  that  everyone  has  the  right  of

access to any information held by the State;

* section 32(1)(h) of the Constitution provides for  the  horizontal  application  of
the right of access to information held by another person to everyone when
that information is  requked  for the exercise or protection of any rights;
* and national legislation must be enacted to give effect to this right in section

32 of the Constitution:

AND BEARING IN MIND THAT—

* the State must respect, protect, promote and  fulfil, at least, all the rights in the

Bill of Rights which is the cornerstone of democracy in South Africa;

* the right of access to any information held by a public or private body may be
limited  to  the  extent  that  the  limitations  are  reasonable  and  justifiable  in  an
open  and  democratic  society  based  on  human  dignity,  equality  and  freedom  as
contemplated in section 36 of the Constitution;

*  reasonable  legislative  measures  may,  in  terms  of  section  32(2)  of  the
Constitution, be provided to alleviate the administrative and financial burden
on the State in giving effect to its obligation to promote and  fulfil  the right of
access  to  information;

AND IN ORDER  TO—

* foster a culture of transparency and accountability in public and private bodies

by giving effect to the right of access to information;

* actively promote a society in which the people of South Africa have effective
access to information to enable them to more fully exercise and protect all of
their rights,

B E IT THEREFORE ENACTED by the Parliament of the Republic of South Africa,

as follows:—

GOVERNMENT  GME~, 3 ~BRUARY  2000

PROMO~ON  OF ACCESS TO I~O~ATtON  Am, 2~

No.  20852  3

Act  No.  2,2000

Section

1.
7-.

3.
4.
5.
6.
7.

8.

CONTENTS  OF  ACT

PART  1
INTRODUCTORY  PROVISIONS

CHAPTER  1
DEFINITIONS  AND  INTERPRETATION

Definitions
Interpretation of Act

CHAPTER  2
GENERAL  APPLICATION  PROVISIONS

5

10

Act appiies to record whenever it came into existence
Records held by official or independent contractor of public or private body
Application of other legislation prohibiting or restricting disclosure
Application of other legislation providing for access
Act  not  applying  to  records  required  for  criminal  or  civil  proceedings  after  15
commencement of proceedings
Part applicable when performing functions as public or private body

CHAPTER  3
GENERAL  INTRODUCTORY  PROVISIONS

9.
10.

Objects of Act
Guide on how to use Act

PART 2
ACCESS TO RECORDS OF PUBLIC BODIES

CHAPTER  1
RIGHT  OF  ACCESS,  AND  SPECIFIC  APPUCATION  PROVISIONS

Right of access to records of public bodies
Act not applying to certain public bodies or officials thereof
Body determined to be part of another public body

CHAPTER  2
PUBLICATION  AND  AVAItiBILITY   OF  CERTAIN  RECORDS

Manual on functions of, and index of records held by, public body
Voluntary disclosure and automatic availability of certain records
Information in telephone directory

CHAPTER  3
lWANNER OF A CCESS

Desi&nation  of deputy information officers, and delegation
Form of requests
Duty to assist requesters
Transfer of requests
Preservation of records until final decision on request
Fees
Records that cannot be found or do not exist
Deferral of access
Decision on request and notice thereof
Extension of period to deal with request
Deemed refusal of request
Severability
Access and forms of access

11,
12.
13.

14.
15.
16.

17.
18.
19.
~o,
21.
22.
23.
24.
25.
26.
27.
28
29,

20

25

30

35

40

45

4

so.  20s52

GOVERNhfENT G,4ZE~E.  3 =BRIIARY  20(K)

Act NO.  ~, 2000

PRO\lOTION OF ACCESS TO 1NFORMATION ACT. 2000

30.
31.
32.

Access to health or other records
Language of access
Reports to Human Rights Commission

CHAPTER  4
GROUNDS  FOR  REFUSAL  OF  ACCESS  TO  RECORDS

5

33.
34.
35.
36.
37.

38.
39.

40.

41.
42.

43.

44.
45.

46.

Interpretation
Mandatory protection of privacy of third party who is natural person
Mandatory protection of certain records of South African Revenue Service
Mandatory protection of commercial information of third party
Mandatory  protection  of  certain  confidential  information,  and  protection  of  10
certain other confidential information, of third party
Mandatory protection of safety of individuals, and protection of property
Mandatory protection of police dockets in bail proceedings, and protection of
law enforcement and legal proceedings
Mandatory protection of records privileged from production in legal proceed- 15
ings
Defence,  security and international relations of Republic
Economic interests and financial welfare of Republic and commercial activities
of public bodies
Mandatory protection of research information of third party, and protection of 20
research information of public body
Operations of public bodies
Manifestly  frivolous  or  vexatious  requests,  or  substantial  and  unreasonable
diversion of resources
Mandatory disclosure in public interest

25

CHAPTER  5
THIRD  PARTY  NOTIFICATION  AND  INTERVENTION

47.
48,
49.

Notice to third parties
Representations and consent by third parties
Decision on representations for refusal and notice thereof

PART 3
ACCESS TO RECORDS OF PRIVATE BODIES

CHAPTER  1
mGHT   OF  ACCESS

50.

Right of access to records of private bodies

CHAPTER  2
PUBLICATION  AND  AVAItiBILITY   OF  CERTAIN  RECORDS

51.
52.

Manual
Voluntary disclosure and automatic availability of certain records

CHAPTER  3
MANNER  OF  ACCESS

53.
54.
55.
56.
57.
58.
59.
60.
61.

Form of request
Fees
Records that cannot be found or do not exist
Decision on request and notice thereof
Extension of period to deal with request
Deemed refusal of request
Severability
Form of access
Access to health or other records

CHAPTER  4
GROUNDS  FOR  REFUSAL  OF  ACCESS  TO  RECORDS

62.
63.

Interpretation
Mandatory protection of privacy of third party who is natural person

30

35

40

45

50

GOVERNME~  GME~,  3 ~BRUARY  2000

PROMOmON  OF ACCESS TO  INFOWA~ON  ACT, 2000

No.  20852  5

Act No.  2,2000

64. Mandatory protection of commercial information of third party
65. Mandatory protection of certain confidential information of third party
66. Mandato~  protection of safety of individuals, and protection of property
67. Mandatory protection of records privileged from production in legal proceed-

i ngs

5.

68,  Commercial  information  of  private  body
69.  Mandatory  protection  of  research  information  of  third  party,  and  protection  of

research information of private body

70.  Mandatory  disclosure  in  public  interest

CHAPTER  5
THIRD  PARTY  NOTIFICATION  AND  INTERVENTION

71.  Notice  to  third  parties
72.
73.

Representations and consent by third parties
Decision on representations for refusal and notice thereof

PART 4
APPEALS  AGAINST  DECISIONS

CHAPTER  1
[NTERNAL   APPEALS  AGAINST  DECISIONS  OF  INFORMATION  OFFICERS
OF  CERTAIN  PUBLIC  BODIES

74. Right  of  internal  appeal  to  relevant  authority
75.  Manner  of  internal  appeal,  and  appeal  fees
76.
77.  Decision  on  internal  appeal  and  notice  thereof

Notice to and representations by other interested parties

CHAPTER  2
APPLICATIONS  TO  COURT

78.

Applications  regarding  decisions  of  information  officers  or  relevant  authorities
of public bodies or heads of private bodies

Disclosure of records to, and non-disclosure by, court

79.  Procedure
80.
81.  Proceedings  are  civil
82.  Decision  on  application

PART j
HUMAN RIGHTS COMMISSION

Additional functions of Human Rights Commission
83.
84.  Report  to  National  Assembly  by  Human  Rights  Commission
85.  Expenditure  of  Human  Rights  Commission  in  terms  of  Act

PART 6
TRANSITIONAL  ARRANGEMENTS

Application of other legislation providing for access

86.
87.  Extended  periods  for  dealing  with  requests  during  first  two  years
88.

Correction of personal information

30

35

40

PART 7
GENERAL  PROVISIONS

89.  Liability
9 0 .   Ofiences
91.  Amendment  of  Public  Protector  Act  23  of  1994
92.  Regulations
93.  Short  title  and  commencement

SCHEDULE

6

No. 20852

GOVERNMENT  GAZE~E. 3 FEBRUARY  ?000

Act No.  2,2000

PRO\lOTION  OF .4 CCESS   TO  INFORMATION  ACT.  2000

PART 1
~TRODUCTORY PROVISIONS

CHAPTER  1
DEFINITIONS  AND  INTERPRETATION

Definitions

1. In this Act, unless the context otherwise indicates—

“access fee” means a fee prescribed for the purposes of section 22(6) or 54(6), as
the case may be;
“application” means an application to a court in terms of section 78;
“constitution”  means  the  Constitution  of  the  Republic  of  South  Africa,  1996  (Act
No.1O8 of 1996);
“court”  means—
(a)  the  Constitutional  Court  acting  in  terms  of  section  167(6)(a)  of  the

Constitution; or

(b)  (i)  a  High  Court  or  another  court  of  similar  status;  or

(ii) a Magistrate’s Court, either generally or in respect of a specified class of
decisions in terms of this Act, designated by the Minister, by notice in the
Gazette, and presided over by a magistrate designated in writing by the
Minister, after consultation with the Magistrates Commission,

within whose area of junsdiction—

5

10

15

20

(au)  the  decision  of  the  information  officer  or  relevant  authority  of  a

public body or the head of a private body has been  t~en;

(bb) the public body or private body concerned has its principal place of

administration or business; or

(cc)  the  requester  or  third  party  concerned  is  domiciled  or  ordinarily

25

resident;

“evaluative material”  means an evaluation or opinion prepared for the purpose of
determining—
(a) the suitability, eligibility or qualifications of the person to whom or which the

evaluation or opinion relates—
(i)  for  employment  or  for  appointment  to  office;
(ii) for promotion in employment’or  office or for continuance in employment

30

or office;

(iii)  for  removal  from  employment  or  office;  or
(iv)  for  the  awarding  of  a  scholarship,  award,  bursary, honour   or  similar

35

benefit;  or

(b) whether  any  scholarship,  award,  bursary, honour  or similar benefit should be

continued, modified, cancelled or renewed;
“head” of, or in relation to, a private body means—
(a)  in  the  case  of  a  natural  person,  that  natural  person  or  any  person  duly

40

authorised by that natural person;

(b) in the case of a partnership, any partner of the partnership or any person duly

authorised by the partnership;
(c)  in  the  case  of  a  juristic  person—

(i)  the  chief  executive  officer  or  equivalent  officer  of  the  juristic  person  or

45

any person duly authorised by that officer; or

(ii) the person who is acting as  such or any person duly authorised by such

acting  person;

“health  practitioner”  means  an  individual  who  carries  on,  and  is  registered  in
terms of legislation  to  carry  on, an occupation which involves the provision of care
or treatment for the physical or mental health or for the well-being of individuals;
“Human  Rights  Commission”  means  the South African Human Rights Commis-
sion referred to in section 181(1)(b) of the Constitution;
“individual’s next of  tin” mearts—
(u) art individual  to  whom  the  individual  was  married  immediately  before  the

individual’s  death;

(b)  an  individual  with  whom  the  individual  lived  as  if  they  were  married

immediately before the individual’s death;

(c) a parent,  child,  brother  or  sister  of  the  individual;  or
( d )   if—

50

55

60

GOWRNMENT GUETTE,  3 FEBRUARY 2~

No.   20852  7

PROMO~ON  OF ACCESS TO  ~ORMA~ON   ACT,  2000

Act No.   2,2000

(i) there is no next of kin referred to in paragraphs  (a), (b)  and (c); or
(ii) the requester concerned took all reasonable steps to locate such next  of

kin, but was unsuccessful,

an individual who is related to the individual in the second degree of atini:y
or  consanguinity;

5.

“infortnation  officer” of, or in relation to, a public body—
(a)  in  the  case  of  a  national  department,  provincial  administration  or

organisational component—
(i)  mentioned  in  Column  1  of  Schedule  1  or  3  to  the  Public  Service  Act,

1994  (Proclamation  No.  103  of  1994),  means  the  officer  who  is  the  10
incumbent of the post bearing the designation mentioned in Column 2 of
the  said  Schedule  1  or  3  opposite  the  name  of  the  relevant  national
department,  provinci~   administration  or  organisational  component  or
the person who is acting as such; or

(ii)  not  so  mentioned,  means  the  Director-General,  head,  executive  director  15
or  equivalent  officer,  respectively,  of  that  national  department.  provincial
administration or organisational component, respectively;

(b) in the case of a municipality, means the municipal manager appointed in terms
of section 82 of the Local Government: Municipal Structures Act, 1998 (Act
No. 117 of 1998), or the person who is acting as such; or

20

(c)  in  the  case  of  any  other  public  body,  means  the  chief  executive  officer,  or
equivalent officer, of that public body or the person who is acting as such;
“internal appeal”  means an internal appeal to the relevant authority in terms of
section  74;
“international  organisation”  mess an international  organisation—
(a)  of  states;  or
(b)  established  by  the  governments  of  states;
“Minister”  means  the  Cabinet  member  responsible  for  the  administration  of
justice;
“notice” means notice in writing, and “notify” and “notified” have corresponding 30
meanings;
“objects of this Act” means the objects of this Act referred to in section 9;
“official”,  in relation to a public or private body,  means—
(a)  any  person  in  the  employ  (permanently  or  temporarily  and  full-time  or

25

part-time) of the public or private body, as the case may be, including the head 35
of the body, in his or her capacity as such; or

(b) a member of the public or private body, in his or her capacity as such;
“person” means a natural person or a juristic person;
“personal  information” means  information  about  an  identifiable  individual,
including, but not limited t~
(a)  information  relating  to  the  race,  gender,  sex,  pregnancy,  marital  status.
national,  ethnic  or  social  origin,  colour,   sexual  orientation,  age,  physical  or
mental  health,  well-being,  disability,  religion,  conscience,  belief,  culture,
language and birth of the individual;

40

(b) information  relating  to  the  education  or  the  medical,  criminal  or  employment  45
history  of  the  individual  or  information  relating  to  financial  transactions  in
which the individual has been involved;

(c) any identifying number, symbol or other particular assigned to the individual;
(d) the address, fingerprints or blood type of the individual;
(e)  the  personal  opinions.  views  or  preferences  of  the  individual,  except  where  50
they are about another individual or about a proposal for a grant, an award or
a prize to be made to another individual;

(~) comespondence   sent  by  the  individual  that  is  implicitly  or  explicitly  of  a
private or confidential nature or further correspondence that would reveal the
contents of the original correspondence;

(g) the views or opinions of another individual about the individual;
(h)  the  views  or  opinions  of  another  individual  about  a  proposal  for  a  grant,  an
award or a prize to be made to the individual, but excluding the name of the
other  individual  where  it  appears  with  the  views  or  opinions  of  the  other
individual; and

(i)  the  name  of  the  individual  where  it  appears  with  other  personal  information
relating  to  the  individual  or  where  the  disclosure  of  the  name  itself  would
reveal information about the individual,

55

60

x

N(I.  20852

Act No.  2,  2000

PRO> IOTION OF .4  CCESS TO INFORM,4TION  ACT. 20M)

GOVERNMENT GAZETTE. 3 FEBRLIARY 2000

but excludes information about an individual who has been dead for more than 20
years;
“personal  requester”  means  a  requester  seeking  access  to  a  record  containing
personal information about the  requesten
“prescribed”  means prescribed by regulation in terms of  section 92;
“private body” means—
(a)  a  natural  person  who  carries  or  has  carried  on  any  trade,  business  or

profession, but only in such capacity;

(b) a partnership which carries or has carried on any trade, business or profession;

(c) Xy  former  or  existing  juristic  person,
but excludes a public body;
“public  safety  or  environmental  risk”  means  harm  or  risk  to  the  environment  or
the public (including individuals in their workplace) associated  with—
(a)  a  product  or  service  which  is  available  to  the  public;
(b) a  substance  released  into  the  environment,  including,  but  not  limited  to,  the

workplace;

5

10

15

(c)  a  substance  intended  for  human  or  animal  consumption;
(d)  a  means  of  public  transport;  or
(e)  an  installation  or  manufacturing  process  or  substance  which  is  used  in  that

20

installation or process;

“public body” means—
(a) any department of state or administration in the national or provincial sphere
of government or any municipality in the local sphere of government; or

(b) any  other  functionary  or  institution  when—

(i) exercising a power or performing a duty in terms of the Constitution or

a provincial constitution; or

(ii) exercising a public power or performing a public function in terms of any

legislation;

“record”  of,  or  in  relation  to,  a  public  or  private  body,  means  any  recorded
information—
(a)  regardless  of  form  or  medium;
(b)  in  the  possession  or  under  the  control  of  that  public  or  private  body,

respectively; and

(c) whether or not it was created by that public or private body, respectively;
“relevant  authority”,  in  relation  t~
(a) a public body referred to in paragraph  (a)  of  the  definition  of  “public  body”

in the national sphere of government,  means—
(i)  in  the  case  of  the  Office  of  the  Presidency,  the  person  designated  in

writing by the President; or

25

30

35

40

(ii)  in  any  other  case,  the  Minister  responsible  for  that  public  body  or  the

person designated in writing by that Minister;

(b) a public body referred to in paragraph  (a)  of  the  definition  of  “public  body”

in the provincial sphere of government,  means—
(i) in the case of the Office of a Premier, the person designated in writing by

45

the Premier; or

(ii)  in  any  other  case,  the  member  of  the  Executive  Council  responsible  for
that public body or the person designated in writing by that member, or

(c)  a  municipality,  means—

(i)  the  mayor;
(ii)  the  speaker;  or
(iii)  any  other  person,
designated in writing by the Municipal Council of that municipality;

50

“request for access”, in relation t~
(a) a public body, means a request for access to a record of a public body in terms

55

of section 11; or

(b) a  private  body,  means  a  request  for  access  to  a  record  of  a  private  body  in

terms of section 50;
“requester”,  in  relation  t~
(a)  a  public  body,  means—

60

(i)  any  person  (other than a public bdy   contemplated  in  paragraph  (a)  or
(h)(i) of the definition of “public body”, or an official thereo~  making a
request for access to a record of that public body; or

GOVEW~  GWE~,  3 FEBRU~Y  2000

PROMOTION OF ACCESS TO  ~FOWATtON   ACT,  2000

No.   20852  9

Act No.  2,2000

(ii) a person acting on  behrdf  of the person referred to in subparagraph (i);

(b)  a  private  body,  means—

(i)  any  person,  including,  but  not  limited  to.  a  public  body  or  an  official
thereof, m~~ng a request for access to a record of that private body; or
(ii) a person acting on behalf of the person contemplated in subparagraph  (i); 5

“subversive or hostile activities”  means—
(~z)  aggression  against  the  Republic:
(b) sabotage or terrorism aimed at the people of the Republic or  a  strategic  asset

of the Republic, whether inside or outside the Republic;

(c)  an  activity  aimed  at  changing  the  constitutional  order  of  the  Republic  by  the  10

use of force or violence; or

(d) a  foreign  or  hostile  intelligence  operation;
“third  party “, in relation to a request for access t~
(a) a record of a public body, means any person (including, but not limited to, the

government of a foreign state, an international organisation or an organ of that 15
government or organisation) other than—
(i)  the  requester  concerned;  and
(ii)  a  public  body;  or

(b) a record of a private body, means any person (including, but not limited to, a

public body) other than the requester,

but, for the purposes of sections 34 and 63, the reference to “person” in paragraphs
(u) and (b) must be construed as a reference to “natural person”;
“this Act” includes any regulation made and in force in terms of section 92;
“transfer “, in relation to a record, means transfer in terms of section 20(1) or (2),
and’’transferred”  has a corresponding meaning;
“working  days” means  any  days  other  than  Saturdays,  Sundays  or  public
holidays, as defined in section 1 of the Public Holidays Act, 1994 (Act No. 36 of
1994).

20

25

Interpretation  of  Act

2. (1)  When  interpreting  a  provision  of  this  Act.  every  court  must  prefer  any  30

reasonable interpretation of the provision that is consistent with the objects of this Act
over any alternative interpretation that is inconsistent with those objects.

(2) Section 12 must not be construed as excluding—

(CZ) the Cabinet and its committees; or
(b) an individual member of Parliament or of a provincial legislature,

from the operation  of the definition of “requester” in relation to a private body in section
1, section 49 and all other provisions of this Act related thereto.

(3) For the purposes of this Act, the South African Revenue Service, established by
section  2 of the South African Revenue Service Act, 1997 (Act No. 34 of  1997). and
referred to in section 35(1), is a public body.

CHAPTER  2
GENERAL  APPLICATION  PROVISIONS

Act applies to record whenever it came into existence

3. This Act applies t~

(cl ) a record of a public body; and
(b)  a  record  of  a  private  body,

regardless of when the record came into existence.

Records held by official or independent contractor of public or private body

4. For the purposes of this Act, but subject to section 12. a record in the possession or

under the control of—

(a) an official of a  public body or private body in his or her capacity as such: or
(b) an  independent  contractor  engaged  by  a  public  body  or  private  body  in  the

capacity as such contractor,

is regarded as being a record of that public body or private body, respectively.

Application of other legislation prohibiting or restricting disclosure

5. This Act applies to the exclusion of any provision of other legislation  that—

35

40

45

50

55

I (1

X().  208s2

GOVERN\lENT   GAZE~E.  3  FEBRU.\RY  200[)

Act NO.  2,2000

PROJ1OTION  OF  ACCESS  TO INFORhlATION  ACT, 2000

(a)  prohibits  or  restricts  the  disclosure  of  a  record  of  a  public  body  or  private

body;  and

(b) is materially  inconsistent  with  an  object.  or  a  specific  provision,  of  this  Act.

Application of other legislation providing for access

6. Nothing in this Act prevents the giving of access  to—

5

(a) a record of a public body in terms of any legislation referred to in Part 1 of the

Schedule; or

(b) a record of a private body in terms of any legislation referred to in Part 2 of the

Schedule.

Act not applying to records required for criminal or civil proceedings after 10
commencement of proceedings

7. (1) This Act does not apply to a record of a public body or a private body  if—
(a)  that  record  is  requested  for  the  purpose  of  criminal  or  civil  proceedings;
(b) so requested after the commencement of such criminal or civil proceedings, as

the case may be; and

15

(c)  the  production  of  or  access  to  that  record  for  the  purpose  referred  to  in

paragraph (a) is provided for in any other law.

(2) Any record obtained in a manner that contravenes subsection(1) is not admissible
as evidence in the criminal or civil proceedings referred to in that subsection unless the
exclusion of such record by the court in question would, in its opinion, be detrimental to 20
the interests of justice.

Pati  applicable  when performing functions as  public  or private body

8.( 1) For the purposes of this Act, a public body referred to in paragraph  (b)(ii)  of the

definition of “public body” in section 1, or a private  body—

(a)  may  be  either  a  public  body  or  a  private  body  in  relation  to  a  record  of  that  25

body; and

(b) may in one instance be a public body and in another instance be a private body,
depending  on  whether  that  record  relates  to  the  exercise  of  a  power  or
performance of a function as a public body or as a private body.

(2) A request for access to a record held for the purpose or with regard to the exercise 30

of a power or the performance of a  function—

(a) as a public body, must be made in terms of section 11; or
(b) as a private body, must be made in terms of section 50.

(3) The provisions of Parts 1,2,4,5,6 and 7 apply to a request for access to a record

that relates to a power or function exercised or performed as a public body.

35

(4) The provisions of Parts 1,3,4; 5,6 and 7 apply to a request for access to a record

that relates to a power or function exercised or performed as a private body.

CHAPTER  3
GENERAL  INTRODUCTORY  PROVISIONS

Objects  of  Act

9. The objects of this Act  are—

(a) to give effect to the constitutional right of access t~

(i) any information held by the State; and
(ii) any information that is held by another person and that is required for the

exercise or protection of any rights;

(b)  to  give  effect  to  that  nght—

40

45

(i) subject to justifiable limitations, including, but not limited to, limitations
aimed  at  the  reasonable  protection  of  privacy,  commercial  confidentiality
and effective, efficient and good governance; and

(ii) in a manner which  balrmces that right with any other rights, including the 50

rights in the  Bill of Rights in Chapter 2 of the Constitution;
(c)  to  give  effect  to  the  constitutional  obligations  of  the  State  of  promoting  a
human  rights  culture  and  social  justice,  by  including  public  bodies  in  the
definition  of  “requester”, allowing them, amongst others, to access  informa-

GOVE~MENT  G=E~, 3 ~BRUARY  2000

PROMOTION  OF  ACCESS  TO  rNFORMA~ON  Am,   2000

No. 20852 11

Act No. 2,2000

(d)

(e)

tion from private bodies upon compliance with the four requirements in this
Act,  including  an  additional  obligation  for  certain  public  bodies  in  certain
instances to act in the public interest;
to  establish  voluntary  and  mandatory  mechanisms  or  procedures  to  give  effect
to that right in a manner which enables persons to obtain access to records of 5
public  and  private  bodies  as  swiftly,  inexpensively  and  effortlessly  as
reasonably possible; and
generally, to promote transparency, accountability and effective governance
of all public and private bodies by, including, but not limited to, empowering
and educating everyone—
(i) to  understand  their  rights  in  terms  of  this  Act  in  order  to  exercise  their

10

fights in relation to public and private bodies;

(ii) to understand the functions and operation of public bodies: and
(iii)  to  effectively scrutinise,  and  participate  in,  decision-making  by  public

bodies that affects their rights.

Guide on how to use Act

10.  (1)  The  Human  Rights  Commission  must.  within  18  months  after  the
commencement  of  this  section,  compile  in  each  official  language  a  guide  containing
such information, in an easily comprehensible form and manner, as may reasonably be
required by a person who wishes to exercise any right contemplated in this Act.

(2)  The  guide  must,  without  limiting  the  generality  of  subsection  (  1),  include  a

description of—
(i)
(b]

the objects of this Act;
the  postal  and  street  address,  phone  and  fax  number  and,  if  available,
electronic mail address  of—
(i) the information officer of every public body; and
(ii) every deputy information officer of every public body appointed in terms

of section 17(1):

15

20

25

(c)
(d)

(e)

V)

(g)

30

such particulars of every private body as are practicable;
the manner and form of a request for—
(i) access to  a record of a public body contemplated in section 11; and
(ii) access to a record of a private body contemplated in section 50:
the assistance available from the information officer of a public body in terms
of this Act;
the assistance available from the Human Rights Commission in terms  of this 35
Act;
all remedies in law available regarding an act or failure to act in respect of a
right  or  duty  conferred  or  imposed  by  this  Act,  including  the  manner  of
lodging—
(i)  an  internal  appeal;  and
(ii) an  application  with  a  court  against  a  decision  by  the  information  officer
of a public body, a decision on internal appeal or a decision of the head
of a private body;

40

(}1)

(i)

(j)

(k)

the provisions of sections  14 and 51 requiring a public body and private body,
respectively,  to  compile  a  manual,  and  how  to  obtain  access  to  a  manual;  45
the provisions  of  sections  15  and  52  providing  for  the  voluntary  disclosure  of
categories of records by a public body and private body, respectively;
the notices issued in terms of sections 22 and 54 regarding fees to be paid in
relation to requests for access; and
the regulations  made in terms of section 92.

50

(3) The Human Rights Commission must, if necessary, update and publish the guide

at intervals of not more than two years.

(4) The guide must be made available as prescribed.

PART  2
ACCESS  TO  RECORDS  OF  PUBLIC  BODIES

55

CHAPTER 1
RIGHT  OF  ACCESS,  AND   SPECIFIC  APPLICATION  PROVISIONS

Right of access to records of public bodies

11. ( 1 ) A requester must be given access to a record of a public body  if—

12

No. 20852

Act No.  2.2000

!’RON1OTION   OF  ACCESS  TO  INFORMATION  ACT.  2000

GOVERNMENT  G.AZEHE.  3 FEBRL;.<RY 20N)

(a)  that  requester  complies  with  all  the  procedural  requirements  in  this  Act

relating to a request for access to that record; and

(h)  access  to  that  record  is  not  refused  in  terms  of  any  ground  for  refusal

contemplated in Chapter 4 of this Part.

(2) A request contemplated in subsection (1) includes a request for access to a record 5

containing personal information about the requester.

(3)  A  requester’s  right  of  access  contemplated  in  subsection  (1)  is,  subject  to  this  Act,

not affected by—

(a)  any  reasons  the  requester  gives  for  requesting  access;  or
(b)  the  information  officer’s  belief  as  to  what  the  requester’s  reasons  are  for  10

requesting access.

Act not applying to certain public bodies or officials thereof

12. This Act does not apply to a record of—

(a)  the  Cabinet  and  its  committees;
(b) the  judicial  functions  of—

(i)  a  court  referred  to  in  section  166  of  the  Constitution;
(ii)  a  Special  Tribunal  established  in  terms  of  section  2  of  the  Special
Investigating  Units  and  Special  Tribunals  Act,  1996  (Act  No.  74  of
1996);  or

(iii)  a  judicial  officer  of  such  court  or  Special  Tribunal;  or

(c)  an  individual  member  of  Parliament  or  of  a  provincial  legislature  in  that

capacity.

15

20

Body determined to be part of another public body

13. For the purpose of this Act, the Minister may, on his or her own accord or on the
request of the relevant public body or bodies or a body referred to in paragraph (c), in the 25
prescribed manner and by notice in the  Gazette—

(a) determine that a public body is to be regarded as part of another public body;
(b) determine that a category of public bodies is to be regarded as one public body

with such information officer as the Minister designates; and

(c)  if  there  is  doubt  as  to  whether  a  body  is  a  separate  public  body  or  forms  part  30

of a public body, determine that the  body—
(i)  is  a  separate  public  body;  or
(ii)  forms  part  of  a  public  body.

CHAPTER  2
PUBLICATION  AND  AVAILABILITY  OF  CERTAIN  RECORDS

Manual on functions of, and index of records held by,  public  body

14. (1) Within six months after the commencement of this section or the coming into
existence of a public body, the information officer of the public body concerned must
compile in at least three  05cial languages a manual  containing—

(a)  a  description  of  its  structure  and  functions;
(b)  the  postal  and  street  address,  phone  and  fax  number  and,  if  available,
electronic  mail  address  of  the  information  officer  of  the  body  and  of  every
deputy information  05cer  of the body appointed in terms of section 17(1);

(c)  a  description  of  the  guide  referred  to  in  section  10,  if  available,  and  how  to

obtain access to it;

35

40

45

(d)  sufficient  detail  to  facilitate  a  request  for  access  to  a  record  of  the  body,  a
description  of  the  subjects  on  which  the  body  holds  records  and  the  categories
of records held on each subject;

(e)  the  latest  notice,  in  terms  of  section  15(2),  if  any,  regarding  the  categories  of

records  of  the  body  which  are  available  without  a  person  having  to  request  50
access in terms of this Act;

~) a description of the services available to members of the public from the body

and how to gain access to those services;

(g) a description of any arrangement or provision for a person (other than a public

body  referred  to  in  paragraph  (a) or  (b)(i)  of  the  definition  of  “public  body”  55

GOWWENT  G~E~, 3 =BRUARY  2~

PROMO~ON  OF ACCESS TO  tNFORMA~ON ACT, 2000

No.   20852  13

Act No. 2,2000

in  section  1  )  by  consultation,  making  representations  or  otherwise,  to
participate in or  influence—
(i)  the  formulation  of  policy;  or
(ii) the exercise  of powers or performance of duties,
by the body;

(h) a description of all remedies available in respect of an act or a failure to act by

the body; and

(i)  such  other  information  as  may  be  prescribed.

(2) A public body must, if necessary, update and publish its manual referred to in

subsection ( 1 ) at intervtis of not more than one year.

5

10

(3) Each manual must be made available as prescribed.
(4)(a)  If  the  functions  of  two  or  more  public  bodies  are  closely  connected,  the
Minister may on request or of his or her own accord determine that the two or more
bodies  compile  one  manual  only.

(b) The public bodies in question must share the cost of the compilation and making

15

available of such manual as the Minister determines.

(5) For security, adrnirustrative  or financial reasons, the iMinister may, on request or of
his or her own accord by notice in the Gazette,  exempt any public body or category of
public bodies from any provision of this section for such period as the Minister thinks fit.

Voluntary disclosure and automatic availability of certain records

15. (1) The information officer of a public body, referred to in paragraph  (a) or (b)(i)
of  the  definition  of  “public  body”  in  section  1,  must,  on  a  periodic  basis  not  less
frequently than once each year, submit to the Minister a description of—

(a)  the  categories  of  records  of  the  public  body  that  are  automatically  available
without  a  person  having  to  request  access  in  terms  of  this  Act,  including  such
categories available—
(i) for inspection in terms of legislation other than this Act;
(ii) for purchase or copying from the body; and
(iii) from the body free of charge; and

(b) how  to  obtain  access  to  such  records.

(2) On a periodic basis not less frequently than once each year and at the cost of the

relevant public body, the Minister must, by notice in the Gazerte—

(a) publish every description submitted in terms of subsection ( 1); or
(b) update  every  description  so  published.

as the case may be.

(3) The only fee payable (if any) for access to a record included in a notice in terms

of subsection (2) is a prescribed fee for reproduction.

(4)  The  information  officer  of  a  public  body  may  delete  any  part  of  a  record
contemplated  in  subsection  (1)(a)  which,  on  a  request  for  access,  mayor  must  be  refused
in terms of Chapter 4 of this Part.

(5) Section 11 and any other provisions in this Act related to that section do not apply

to any category of records included in a notice in terms of subsection (2).

Information  in  telephone  directory

16. The  Director-General  of  the  national  department  responsible  for  government
communications  and  information  services  must  at  that  department’s  cost  ensure  the
publication  of  the  postal  and  street  address,  phone  and  fax  number  and,  if  available,
electronic  mail  address  of  the  information  officer  of  every  public  body  in  every
telephone directory issued for general use by the public as are prescribed.

CHAPTER  3
lWANNER OF A CCESS

Designation  of  deputy  information  officers,  and  delegation

17. (1) For the purposes of this Act, each public body must, subject to legislation
governing the employment of personnel of the public body concerned, designate such
number of persons as deputy information officers as are necessary to render the pubIic
body as accessible as reasonably possible for requesters of its records.

20

25

30

35

40

45

50

55

14

No.  20s52

Act NO.   2,  ~000

PR0310TION OF ACCESS TO INFORhfATION  ACT. 2000

GO\~ERNhlENT  GAZE~E.  3 FE13RLARY   2000

(2)  The  information  officer  of a  public  body  has  direction  and  control  over  every

deputy information oficer  of that body.

(3) The information officer of a public body may delegate a power or duty conferred
or imposed on that information officer by this Act to a deputy information  oficer  of that
public  body.

(4) In deciding whether to delegate a power or duty in terms of subsection (3), the
information  officer  must  give  due  consideration  to  the  need  to  render  the  public  body  as
accessible as reasonably possible for requesters of its records.

5

(5)  Any  power  or  duty  delegated  in  terms  of  subsection  (3)  must  be  exercised  or
performed subject to such conditions as the person who made the  dele&ation  considers 10
necessary.

(6) Any delegation in terms of subsection  (3)—

(a) must  be  in  writing;
(b)  does  not  prohibit  the  person  who  made  the  delegation  from  exercising  the

power  concerned  or  performing  the  duty  concerned  himself  or  herselfi and 15

(c)  may  at  any  time  be  withdrawn  or  amended  in  writing  by  that  person.

(7) Any right or privilege acquired, or any obligation or liability incurred, as a result
of a decision in terms of a delegation in terms of subsection (3) is not affected by any
subsequent withdrawal or amendment of that decision.

Form  of  requests

18. (1) A request for access must be made in the prescribed form to the information
officer of the public body concerned at his or her address or fax number or electronic
mail address.

(2) The form for a request of access prescribed for the purposes of subsection (1) must

at least require the requester  concemed—

(a)  to  provide  sufficient  particulars  to  enable  an  official  of  the  public  body

concerned to identify—
(i)  the  record  or  records  requested;  and
(ii)  the  requester;

20

25

(b)  to  indicate  which  applicable  form  of  access  referred  to  in  section  29(2)  is  30

required;

(c)  to  state  whether  the  record  concerned  is  preferred  in  a  particular  language;
(d) to specify a postal address or fax number of the requester in the Republic;
(e)  if,  in  addition  to  a  written  reply,  the  requester  wishes  to  be  informed  of  the

decision  on  the  request  in  any  other  manner,  to  state  that  manner  and  the  35
necess~ particulars to be so informed;  ad

&) if the request is made on behalf of a person, to submit proof of the capacity in
which the requester is making the request, to the reasonable satisfaction of the
information  officer.

(3)(u)  An  individual  who  because  of  illiteracy  or  a  disability  is  unable  to  make  a  40

request for access to a record of a public body in accordance with subsection (1), may
make that request orally.

(b) The information officer of that body must reduce that oral request to writing in the

prescribed form and provide a copy thereof to the requester.

Duty to assist requesters

45

19. (1) If a requester informs the information officer of—

(a) a public body that he or she wishes to make a request for access to a record of

that public body; or

(b) a public body (other than a public body referred to in paragraph  (a) or (b)(i) of

the definition of “public body” in section 1 ) that he or she wishes to make a 50
request for access to a record of another public body,

the  information  officer  must  render  such  reasonable  assistance,  free  of  charge,  as  is
necessary to enable that requester to comply with section 18(1).

(2)  If  a  requester  has  made  a  request  for  access  that  does  not  comply   with  section
18(l),  the  information  officer  concerned  may  not  refuse  the  request  because  of  that  55
non-compliance unless the information officer  has—

(a)  notified  that  requester  of  an  intention  to  refuse  the  request  and  stated  in  the

notice—
(i)  the  reasons  for  the  contemplated  refusal;  and

GO~RNMENT GUE~, 3 FEBRUARY 2000

No.   20852  15

PROMO~ON  OF ACCESS TO  ~QRMA~ON   ACT,  2000

Act No.  2, 2~

(ii)  that  the  information  officer  or  another  official  identified  by  the

information  officer  would  assist  that  requester  in  order  to  make  the
request in a form that would remove the grounds for refusal;

(b) given the  requestex   a  reasonable  opportunity  to  seek  such  assistance;
(c)  as  far  as  reasonably  possible,  furnished  the  requester  with  any  information  5
(including info~ation about the records, other than information on the basis
of which a request for access may or must be refused in terms of any provision
of Chapter 4 of this Part, held by the body which are relevant to the request)
that would assist the making of the request in that form; and

(d) given the requester a reasonable opportunity to confirm the request or alter it 10

to comply with section 18(l).

(3) When computing any period referred to in section 25(l), the period commencing
on the date on which notice is given in terms of subsection  (2) and ending on the date on
which  the  person  confirms  or  alters  the  request  for  access  concerned  must  be
disregarded.

(4) If it is apparent on receipt of a request for access that it should have been made to

another pubiic body, the information officer of the public body concerned must—

(a)  render  such  assistance  as  is  necessary  to  enable  [he  person  to  make  the

request, to the information officer of the appropriate public body; or

15

(b)  transfer  the  request  in  accordance  with  section  20  to  the  last-mentioned  20

information  officer.

whichever will result in the request being dealt with earlier.

Transfer of  requesti

20. (1) If a request for access is made to the information officer of a public body in

respect of which—

(a) the record is not in the possession or under the control of that body but is in the

possession of another public body;

(b)  the  record’s  subject  matter  is  more  closely  connected  with  the  functions  of
another public body than those of the public body of the information officer to
whom the request is made; or

(c)  the  record  contains  commercial  information  contemplated  in  section  42 in

which any other public body has a ~meater  commercial interest,

the information officer to whom the request is made must as soon as reasonably possible,
but in any event within 14 days after the request is received—

25

30

(i)  transfer  the  request  to  the  information  officer  of  the  other  public  body  or,  if  35
there is in the case of paragraph  (c) more than one other public body having a
commercial  interest.  the  other  public  body  with  the  greatest  commercial
interest; and

(ii) if the public body of the information officer to whom the request is made is in

possession  of  the  record  and  considers  it  helpful  to  do  so  to  enable  the  40
information officer of the other public body to deal with the request, send the
record or a copy of the record to that information officer.

(2) If a request for access is made to the information officer of a public body in respect

of which—

(a) the record is not in the possession or under the control of the public body of  45
that  information  officer  and  the  information  officer  does  not  know  which
public body has possession or control of the record:

(b)  the  record’s  subject  matter  is  not  closely  connected  to  the  functions  of  the
public body of that information officer and the information officer does not
know  whether  the  record  is  more  closely  connected  with  the  functions  of  50
another public body than those of the public body of the information officer to
whom the request is made; and

(c)  the  record—

(i) was created by or for another public body: or
(ii)  was  not  so  created  by  or  for  any  public  body.  but  was  received  first by 55

another  public  body,

the  information  officer  to  whom  the  request  is  made,  must  as  soon  as  reasonably
possible,  but  in  any  event  within  14  days  after  the  request  is  received,  transfer  the
request to the information officer of the public body by or for which  the  record  was
created or which received it first. as the case may be.

60

16

No.  20852

GOVERNMENT GAZE~E.  3 FEBRL):\R}’ 2000

Act NO.  2,2000

PROMOTION  OF  ACCESS  TO  INFORNIATION  ACT. 2000

(3) Subject to subsection (4). the information officer to whom a request for access  is
transferred, must give priority to that request in relation to other requests as if it were
received  by  him  or  her  on  the  date  it  was  received  by  the  information  officer  who
transfemed the request.

(4) If a request for  access is transferred, any period referred to in section 25( 1  ) must 5

be computed from the date the request is received by the information officer to whom the
request is transferred.

(5)  Upon  the  transfer  of  a  request  for  access,  the  information  officer  making  the

transfer must immediately notify the requester  of—

(a)  the  transfer;
(b)  the  reasons  for  the  transfer;  and
(c)  the  period  within  which  the  request  must  be  dealt  with,

Preservation of records until final decision on request

10

21. If the information officer of a public body has received a request for access to a
record  of  the  body,  that  information  officer  must  take  the  steps  that  are  reasonably  15
necessary to preserve the record, without deleting any information contained in it, until
the  information  officer  has  notified  the  requester  concerned  of  his  or  her  decision  in
terms of section 25  and—

(a)  the  periods  for  lodging  an  internal  appeal,  an  application  with  a  court  or  an

appeal against a decision of that court have expired;  or

(b) that internal  appeal,  application  or  appeal  against  a  decision  of  that  court  or
other  legal  proceedings  in  connection  with  the  request  has  been  finally
determined,
whichever is the later.

Fees

20

25

22. (1) The information officer of a public body to whom a request for access is made,
must  by  notice  require  the  requester,  other  than  a  personal  requester,  to  pay  the
prescribed request fee (if any), before further processing the request.

(2) If—

(a) the search for a record of a public body in respect of which a request for access 30

by a requester, other  tian a personal requester, has been made; and

(b)  the  preparation  of  the  record  for  disclosure  (including  any  arrangements

contemplated in section  29(2)(a) and (b)(i) and (ii)(aa)),

would, in the opinion of the information officer of the body, require more than the hours
prescribed for this purpose for requesters, the information officer must by notice require 35
the requester, other than a personal requester, to pay as a deposit the prescribed portion
(being not more than one third) of the access fee which would be payable if the request
is  granted.

(3) The notice referred to in subsection  (]) or (2) must state—

(a)  the  amount  of  the  deposit  payable  in  terms  of  subsection  (2),  if  applicable;  40
(b) that the requester may lodge an internal appeal or an application with a court,
as the case may be, against the tender or payment of the request fee in terms
of subsection (1), or the tender or payment of a deposit in terms of subsection
(2), as the case may be; and

(c)  the  procedure  (including  the  period)  for  lodging  the  internal  appeal  or  45

application, as the case may be.

(4) If a deposit has been paid in respect of a request for access which is refused, the

information officer concerned must repay the deposit to the requester.

(5) The information officer of a public body must withhold a record until the requester

concerned has  paid the applicable fees (if any).

(6) A requester whose request for access to a record of a public body has been granted
must pay an access fee for reproduction and for search and preparation contemplated in
subsection (7)(u) and (b), respectively, for any time reasonably required in excess of the
prescribed  hours  to  search  for  and  prepare  (including  making   any  arrangements
contemplated  in  section  29(2)(a)  and (b)(i)  and (ii)(aa)) the record for disclosure.

(7) Access  fees  prescribed  for  the  purposes  of  subsection  (6)  must  provide  for  a

50

55

reasonable access fee  for—

(a) the cost of making a copy of a record, or of a transcription of the content of a

.—...,..,,,.,.._,

GOVERN~NT  G=~. 3 ~BRUARY  2000

PROMOTtON  OF ACCESS TO  tNFOWATtON  ACT, 2W

No.   20852  17

Act No. 2,2000

record,  as  contemplated  in  section  29(2)(u)  and  (b)(i),  (ii)(bb), (iii) and (v)
and, if applicable, the postal fee; and

,..

(b) the  time  reasonably  required  to  search  for  the  record  and  prepare  (including

making  any  arrangements  contemplated  in  section  29(2)(a)  and  (b)(i)  and  “
5
(ii)(tia)) Lhe record for disclosure to the requester.

(8) The Minister  may, by notice in the  Gu:etre—

(a) exempt  any  person  or  category  of  persons  from paying any fee referred to in

this section;

(b)  determine  that  any fee  referred  to  in  this  section  is  not  to  exceed  a  certain

maximum amount;

10

(c)  determine  the  manner  in  which  any  fee  referred  to  in  this  section  is  to  be

calculated;

(d) determine that any fee referred to in this section does not  apply to J ctitegory

of  records;

(e) exempt any person or record or category of persons or records for  a stipulated 15

period from any fee referred to in subsection (6); and

(f) determine that where the cost of collecting any fee referred to in this section

exceeds  the amount  ch~rged,  such fee does not  Jpply.

Records that cannot be found or do not exist

23. (1) If—

(a) all reasonable steps have been taken to find a record requested: and
(b)  there  are  reasonable  grounds  for  believing  that  the  record—

(i) is in the public body’s possession but cannot be  found: or
(ii)  does  not  exist,

the information officer of a public body must. by way of affidavit or affirmation. notify 25
the requester that it is not possible to give access to that record.

(2) The affidavit or affirmation referred to in subsection ( 1 ) must give a full account
of all steps taken to find the record in question or to determine whether the record exists,
as the case may be, including  all  communications  with  every  person  who  conducted  the
search on behalf of the information officer.

(3) For the purposes of this Act, the notice in terms of subsection  ( i ) is to be regarded

as a decision to refuse  a request for access to the record.

(4) If. after notice is given in terms of subsection ( 1), the record in question is found.
the requester concerned must be  given access to the record unless access is refused on
a ground for refusal contemplated in Chapter 4 of this Part.

30

35

Deferral  of  access

24. ( 1 ) If the information oficer  of a public body decides [o grant a request for access

to a record, but that record—

((I) is to be published within 90  days after the receipt or transfer of  the request or

such further period as is reasonably necessary for printing and translating the  40
record for the purpose of publishing it:

(b) is required by law to be published but is yet to be published: or
(c) has been prepared for submission to any legislature or a particular person but

is yet to be submitted.

the information officer may defer  giving access to the record for a re~sonable period.
(2) If access to a record is deferred  in terms of subsection (  1). the information  oticer

must notify the requester  concemed—

(a)  that  the  requester  may,  within  30  days  after  that  notice  is  given.  make
representations to the information officer why the record is required before
such publication or submission; and

(b) of the likely period for which access is to be deferred.

45

jO

(3) If  a  requester  makes  representations  in  terms  of  subsection  (2)(a).  the  information
officer  must,  after  due  consideration  of  those  representations,  grant  the  request  for
access only if there are reasonable grounds for believing that the ‘requester  will suffer
substantial prejudice if access to the record is deferred for the  likely period referred to 55
in subsection  (2)(b).

lx

s o .   20852

Act  NO.   ~.  2[~0{)

PR()\l(lTIC)K OF ..\ CCESS T() [NFORMATIONT  /lCT. 2000

GOVERNhlENT  G,\ ZETTE, 3 FEBRLT.ARY   2000

Decision on request and notice thereof

25. ( 1 ) The information officer to whom a request for access is made or transferred,
must. subject to section  26 and Chapter 5 of this Part, as soon as reasonably possible, but
in any event within  30 days, after the request is  received—

(a)  decide  in  accordance  with  this  Act  whether  to  grant  the  request;  and
(b)  notify  the  requester  of  the  decision  and,  if  the  requester  stated,  as
contemplated in section 18(2)(e), that he or she wishes to be informed of the
decision  in  any  other  manner,  inform  him  or  her  in  that  manner  if  it  is
reasonably possible.

5

(2) If the request for access is  &ranted,  the  notice  in  terms  of  subsection  (1)(b)  must  10

state—

(a) the access fee (if any) to be paid upon access;
(b)  the  form  in  which  access  will  be  given;  and
(c) that the requester may  lodge an internal appeal or an application with a court,

as  the  case  may  be,  against  the  access  fee  to  be  paid  or  the  form  of  access  15
granted,  and  the  procedure  (including  the  period)  for  lodging  the  internal
appeal or application, as the case may be.

(3) If the request for access is refused, the notice in terms of subsection (1  )(b) must—
(a)  state  adequate  reasons  for  the  refusal,  including  the  provisions  of  this  Act

relied upon;

(b)  exclude,  from  such  reasons,  any  reference  to  the  content  of  the  record;  and
(c)  state  that  the  requester  may  lodge  an  internal  appeal  or  an  application  with  a
court, as the case may be, against the refusal of the request, and the procedure
(including  the  period)  for  lodging  the  internal  appeal  or  application,  as  the
case may be.

Extension of period to deal with request

26.  (1)  The  information  officer  to  whom  a  request  for  access  has  been  made  or
transferred,  may  extend  the  period  of  30  days  referred  to  in  section  25(1)  (in  this  section
referred to as the “original period”) once for a further period of not more than 30 days,
if—

,

20

25

30

(a) the request is for a large number of records or requires a search through a large
number of records and compliance with the original period would unreason-
ably interfere with the activities of the public body concerned;

(b)  the  request  requires  a  search  for  records  in,  or  collection  thereof  from,  an

office of the public body not situated in the same town or city as the office of 35
the  information  officer  that  cannot  reasonably  be  completed  within  the
original period;

(c) consultation among divisions of the public body or with another public body
is necessary or desirable to decide upon the request that cannot reasonably be
completed within the original period;

(d)  more  than  one  of  the  circumstances  contemplated  in  paragraphs  (u),  (b) and
(c) exist in respect of the request making compliance with the original period
not reasonably possible; or

40

(e)  the  requester  consents  in  writing  to  such  extension.

(2) If a period is extended in terms of subsection (l), the information officer must, as 45

soon as reasonably possible, but in any event within 30 days, after the request is received
or transfemed, notify the requester of that extension.

(3) The notice in terms of subsection (2) must  state—

(u)  the  period  of  the  extension;
(b)  adequate  reasons  for  the  extension,  including  the  provisions  of  this  Act  relied  50

upon;  and

(c) that the requester may lodge an internal appeal or an application with a court,
as  the  case  may  be,  against  the  extension,  and  the  procedure  (including  the
period) for lodging the internal appeal or application, as the case may be.

Deemed refusal of request

55

27, If an information officer fails to give the decision on a request for access to the
requester  concerned  within  the  period  contemplated  in  section  25(1),  the  information
officer is, for the purposes of this Act, regarded as having refused the request.

I

GOVERNMENT  G~E~, 3 FEBRUARY 2000

PROMOmON  OF ACCESS TO INFORMA~ON  A~, 2~

No.  20852  19

Act No. 2.2000

. . . . . . . . .

Severability

28.  (1)  If a request  for  access  is  made  to  a  record  of  a  public  body  containing
~nforrnation  which may or must be refused in terms of any provision of Chapter 4 of this
Part every part of the record  which—
(a) does  not  contain:  and
(b) can reasonably be severed from any part that contains,

any such information must, despite any other provision of this Act, be disclosed.

(2) If a request for access t*

(a)  a  part  of  a  record  is  granted;  and
(b) the  other  part  of  the  record  is  refused,

as contemplated in subsection (1), the provisions of section 25(2), apply to paragraph  (a)
of this section and the provisions of section 25(3) to paragraph  (b) of this section.

Access  and forms of access

29. ( 1 ) If a requester has been given notice in terms of section 25(1) that his or her
request for access has been granted, that requester must, subject to subsections  (3j and
(9) and section 3  l—

(a) if  an  access  fee  is  payable,  upon  payment  of  that  fee;  or
(b) if  no  access  fee  is  payable,  immediately,

be  given  access  in  the  applicable  forms  referred  to  in  subsection  (2)  as  the  requester
indicated in the request, and in the language contemplated in section 31.

(2) The forms of access to a record in respect of which a request of access has been

granted. are the following:

(a) lf the record is in written or printed form, by supplying a copy of the record or

by mting arrangements for the inspection of the record;

(b) if the record is not in written or printed  form—

(i)

(ii)

(iii)

(iv)

(v)

in the case of a record from which visual images or printed transcriptions
of  those  images  are  capable  of  being  reproduced  by  means  of  equipment
which is  ordintily available to the public body concerned, by  mting
arrangements  to  view  those  images  or  be  supplied  with  copies  or
transcriptions of them;
in the case of a record in which words or information  are recorded in such
manner that they are capable of being reproduced in the form of sound by
equipment which is ordinarily available to the public body concemed—
(aa) by mting arrangements to hear those sounds; or
(bb)  if  the  public  body  is  capable  of  producing  a  written  or  printed
transcription  of  those  sounds  by  the  use  of  equipment  which  is
ordinarily available to it, by supplying such a transcription;
in  the  case  of  a  record  which  is  held  on  computer,  or  in  electronic  or
machine-readable form, and from which the public body concerned is
capable of producing a printed copy of—
(aa) the record, or a part of it; or
(bb) information derived from the record,
by using computer equipment and expertise ordinarily available to the
public body, by supplying such a copy;
in the case of a record available or capable of being made available in
computer readable form, by supplying a copy in that  form: or
in any other case. by supplying a copy of the record.

30

35

40

45

(3) If a requester-has requested  “acces’s ‘in ~ particular form, access must, subject to

section 28, be given in that form, unless to do so wouId—

(a)  interfere  unreasonably  with  the  effective  administration  of  the  public  body

jO

concerned;

(b)  be  detrimental  to  the  preservation  of  the  record;  or
(c) amount to an infringement of copyright not owned by the State or the public

body  concerned.

(4) If a requester has requested access in a particular form and for a reason referred to
in subsection (3) access in that form is refused but access is given in another form, the
fee charged may not exceed what would have been charged if that requester had been
given access in the form requested.

55

(5) If a requester with a disability is prevented by that disability from reading, viewing
or listening to the record concerned in the form in which it is held by the public body

60

20

.N().  20s52

Act ~[). 2.2000

PR()\IoTION  OF .4 CCESS TO lNFOR\lATION  ACT. 2000”

G()\’ERX\lENT   G,4ZETTE.   .?  FEBRL:,4RY  2000”

concerned.  the  information  officer  of the body must. if that requester so requests. take
reasonable steps to make the record available in a form in which it is capable of  being
read, viewed or heard by the requester.

(6) If a record is made available in accordance with subsection (5), the requester may
not berequired  to pay  an  access  fee  which  ismorethan  the  fee  which  heor  she  would  5
have been required to pay but for the disability.

(7) If a record is made available in terms of this section to a requester for inspection,
viewing or hearing, the requester may make copies of or transcribe the record using the
requester’s  equipment, unless to do so  would—

(a)  intetiere   unreasonably  with  theeffective   administration  of  the  public  body  10

concerned;

(b) bedetrimental  tothepreservation   of  therecord;   or
(c) amount to an infringement of copyright not owned by the State or the public

body  concerned.

(8) If the supply to a requester of a copy of a record is required by this section, the 15

copy must, if so requested, be supplied by posting it to him or her.

(9) If an internal appeal or an application to a court, as the case may be, is lodged
against the granting of a request for access to a record, access to the record maybe given
only when the decision to grant the request is finally confirmed.

Access to health or other records

20

30.  (1)  If  the  information  officer  who  grants,  in  terms  of  section  11,  a  request  for
access to a record provided by a health practitioner in his or her capacity as such about
the physical or mental health, or  well-being—

(a)  of  the  requeste~  or
(b)  if  the  request  has  been  made  on  behalf  of  the  person  to  whom  the  record  25

relates, of that person,

(in  this  section,  the  requester  and  person  referred  to  paragraphs  (a) and (b), respectively,
are  referred  to  as  the  “relevant  person”),  is  of  the  opinion  that  the  disclosure  of  the
record to the relevant person might cause serious harm to his or her physical or mental
health,  or  well-being,  the  information  officer  may,  before  giving  access  in  terms  of  30
section  29,  consult  with  a  health  practitioner  who,  subject  to  subsection  (2), has been
nominated by the relevant person.
(2) If the relevant person is—

(a) under the age of 16 years,  a person  having  parental  responsibilities  for  the

relevant person must make the nomination contemplated in subsection (1); or 35

(b)  incapable  of  managing  his  or  her  affairs,  a  person  appointed  by  the  court  to

manage those affairs must make that nomination.

(3)(a)   If,  after  being  given  access  to  the  record  concerned,  the  health  practitioner
consulted in terms of subsection (  1 ) is of the opinion that the disclosure of the record to
the relevant person would be likely to cause serious harm to his or her physical or mental 40
health, or well-being, the information officer may only give access to the record if the
requester proves to the satisfaction of the information officer that adequate provision is
made for such counseling or arrangements as are reasonably practicable before, during
or after the disclosure of the record to limit, alleviate or avoid such harm to the relevant
person.

45

(b) Before access to the record is so given to the requester, the person responsible for

such counseling or arrangements must be given access to the record.

Language of access

31. A requester whose request for access to a record of a public body has been granted

must, if the record—

(a) exists in the  language  that  the  requester  prefers,  be  given  access  in  that

language; or

(b) does not exist in the language so preferred or the requester has no preference
or has not indicated a preference, be given access in any language the record
exists in.

50

55

GOVERNMENT  GAZE~, 3 FEBRUARY 2000

PROMOTION  OF  ACCESS  TO  tNFORMATtON  ACT, 2W

N0,20852   21

Act No. 2,2000

Reports to Human Rights Commission

32. The  information  officer  of  each  public  body  must  annually  submit  to  the  Human

Rights Commission a report stating in relation to the public  body—

(a)  the  number  of  requests  for  access  received;
(b) the number of requests for access granted in full:
(c) the number of requests for access granted in terms of section  46:
(d) the number of requests for access refused in full and refused partially and the
number of times each provision of this Act was relied on to refuse access in
full or partial;

5

(e)  the  number  of  cases  in  which  the  periods  stipulated  in  section  25(1)  were  10

extended in terms of section 26(1);

(g)  the  number  of  internal  appeals  lodged  with  the  relevant  authority  and  the
number of cases in which,  as a result of an internal appeal, access was  given
to  a  record;

(Iz)  the  number  of  internal  appeals  which  were  lodged  on  the  ground  that  a  request  15

for access was regarded  as having been refused in terms  of section 2?;
(i) the number of applications to a court which were lodged on the ground that an
internal  appeal  was  regarded  as  having  been  dismissed  in  terms  of  section
77(7);  and

0)  such  other  matters  as  may  be  prescribed.

lo

CHAPTER  4
GROUNDS  FOR  REFUSAL  OF  ACCESS  TO  RECORDS

Interpretation

33. (1) The information officer of a public body—

(a)  must  refuse  a  request  for  access  to  a  record  contemplated  in  section  34(1).  25

35( 1), 36( 1), 37(l)(a), 38(a), 39(1)(u),  40 or 43( l); or

(b) may refuse a request for access to a record contemplated in section 37(1)(  bj.
38(b),  39( l)(b), 41(l)(a)  or (b), 42(1) or (3), 43(2), 44(1) or (2) or 45,

unless the provisions of section 46 apply.

(2) A provision of this Chapter in terms of which a request for access to a record must 30

or may or may not be refused, may not be construed as—

(a) limited in its application in any way by any other provision of this Chapter in
terms of which a request for access to a record must or may or may not be
refused; and

(b)  not  applying  to  a  particular  record  by  reason  that  another  provision  of  this  35
Chapter in terms of which a request for access to a record must or may or may
not be refused, also applies to that record.

NIandatory protection of privacy of third party who is natural person

34. ( 1 ) Subject to subsection (2), the information officer of a public body must refuse
a  request  for  access  to  a  record  of  the  body  if  its  disclosure  would  involve  the  40
unreasonable  disclosure  of  personal  information  about  a  third  party,  including  a
deceased  individual.

(2) A record may not be refused in terms of subsection (1) insofar as it consists of

information—

(a) about an individual who has consented in terms of section 48 or otherwise in 45

writing to its disclosure to the requester concerned;

(b) that was given to the public body by the individual to whom it relates and the
individual was informed by or on behalf of the public body, before it is given,
that the information belongs to a class of information that would or might be
made available to the public:

(c) already  publicly  available;
(d)  about  an  individual’s  physical  or  mental  health,  or  well-being,  who  is  under

the care of the requester and who is—
(i) under the age of 18 years; or
(ii) incapable of understanding the nature of the request,
and if giving access would be in the individual’s best interests;

(e)  about  an  individual  who  is  deceased  and  the  requester  is—

50

55

Act No. 2,  2000

PRO\lOTION  OF ACCESS   TO  INFORMATION  ,4 CT. 2000

(i)  the  individual’s  next  of  kin:  or
(ii) making   the  request  \iith  the  written  consent  of  the  individual’s  next  of

kin; or

v) about an individual who is or was an official of a public body and which

relates to the position or functions of the individual, including, but not limited 5
t*
(i) the fact that the individual is or was an official of that public body;
(ii) the title, work address, work phone number  and other similar particulars

of the individual;

(iii)  the  classification,  salary  scale  or  remuneration  and  responsibilities  of  the  10

position held or services performed by the individual; and

(iv) the name of the individual on a record prepared by the individual in the

course of employment.

Mandatory protection of certain records of South African Revenue Service

35. (1) Subject to subsection (2), the information officer of the South African Revenue 15

Service, referred to in section 2(3), must refuse a request for access to a record of that
Service if it contains information which was obtained or is  held by that Service for the
purposes  of  enforcing  legislation  concerning  the  collection  of  revenue  as  defined  in
section 1 of the South African Revenue Service Act, 1997 (Act No. 34 of 1997).

(2)  A  record  may  not  be  refused  in  terms  of  subsection  (1)  insofar  as  it  consists  of  20

information about the requester or the person on whose behalf the request is made.

Mandatory protection of commercial information of third party

36. (1) Subject to subsection (2), the information officer of a public body must refuse

a request for access to a record of the body if the record  contains—

(a)  trade  secrets  of  a  third  party;
(b)  financial,  commercial,  scientific  or  technical  information,  other  than  trade
secrets, of a third party, the disclosure of which would be likely to cause harm
to the commercial or financial interests of that third party; or

(c)  information  supplied  in  confidence  by  a  third  party  the  disclosure  of  which

could reasonably be  expected—
(i)  to  put  that  third  party  at  a  disadvantage  in  contractual  or  other

negotiations;  or

(ii)  to  prejudice  that  third  party  in  commercial  competition.

(2) A record may “not be refused in terms of subsection (1) insofar as it consists of

inforrnation—

25

30

35

(u)  already  publicly  available;
(b) about a third party who has consented in terms of section 48 or otherwise in

writing to its disclosure to the requester concerned; or

(c) about the results of any product or environmental testing or other investigation

supplied  by,  earned  out  by  or  on  behalf  of  a  third  party  and  its  disclosure  40
would reveal a serious public safety or environmental risk.

(3) For the purposes of subsection (2)(c), the results of any product or environmental
testing or other investigation do not include the results of preliminary testing or other
investigation  conducted  for  the  purpose  of  developing  methods  of  testing  or  other
investigation.

45

Mandatory  protection  of  certain  confidential  information,  and  protection  of
certain other confidential information, of third party

37. (1) Subject to subsection (2), the information officer of a public  body—

(a) must refuse a request for access to a record of the body if the disclosure of the

record would constitute an action for breach of a duty of confidence owed to 50
a third party in terms of an agreement; or

(b) may refuse a request for access to a record of the body if the record consists

of information that was supplied in confidence by a third  party—
(i)  the  disclosure  of  which  could  reasonably  be  expected  to  prejudice  the

future  supply  of  similar  information,  or  information  from  the  same  55
source;  and

(ii)  if  it  is  in  the  public  interest  that  similar  information,  or  information  from

the  same  source,  should  continue  to  be  supplied.

GOWRNM~  GUE~, 3 FEBRUARY 2000

PROMO~ON  OF ACCESS  TO ~ORMATtON   ACT.  2000

No.   20852  23

Act No.  2,2000

(2) A record may not be refused in terms of subsection (1) insofar as it consists of

information—

(a)  already  publicly  available;  or
(b) about the  third  party  concerned  that  has  consented  in  terms  of  section  48  or

otherwise in writing to its disclosure to the reqwester  concerned.

Nlandatory  protection of safety of individuals, and protection of property

38. The information officer of a public body—

({~) must refuse a request for access to a record of the body if its disclosure could
reasonably be expected to endanger the life or physical safety of an individual:
or

(b) may refuse a request for access to a record of the body if its disclosure would

be likely to prejudice or impair—
(i)  the  security  of—

(au)  a  building,  structure  or  system,  including,  but  not  limited  to.  a

computer or communication system:

(bbj a means of tl ansport; or
(cc) any other property; or

5

10

15

(ii) methods, systems, plans or procedures for the protection  of—

(au) an individual in accordance with a witness protection scheme;
(bb) the safety of the public, or any part of the public; or
(cc) the security of property contemplated in subparagraph  (i)(aa). (bb)

20

or (cc).

Mandatory protection of police dockets in bail proceedings, and protection of law
enforcement and legal proceedings

39. (1) The information  oficer  of a public body—

25

(u) must refuse a request for access to a record of the body if access to that record
is prohibited in terms of section 60( 14) of the Criminal Procedure Act, 1977
(Act No. 51 of 1977); or

(b) may refuse a request for access to a record of  the body  if—

(i) the record contains methods, techniques, procedures or guidelines  for—
(aa) the prevention, detection, curtailment or investigation of a contra-

30

vention or possible contravention of the law: or

(bb) the prosecution of alleged offenders.
and the disclosure of those methods, techniques, procedures or guide-
lines could reasonably be expected to prejudice the effectiveness of those
methods, techniques, procedures or guidelines or lead to the circumven-
tion of the law or facilitate the commission of an ofience;

(ii)  the  prosecution  of  an  alleged  offender  is  being  prepared  or  about  to
commence or pending and the disclosure of the record could reasonably
be expected—
(aa) to impede that prosecution: or
(bb) to result in a miscarriage  of justice in that prosecution; or

(iii) the disclosure of the record could reasonably be  expected—

(aa)  to  prejudice  the  investigation  of  a  contravention  or  possible
contravention  of  the  law  which  is  about  to  commence  or  is  in
progress or, if it has been  juspended or terminated, is likely to be
resumed;

(bb)  to  reveal,  or  enable  a  person  to  ascertain,  the  identity  of  a
confidential source of information in relation to the enforcement or
administration of the law;

(cc)  to  result  in  the  intimidation  or  coercion  of  a  witness.  or  a  person
who  might  be  or  has  been  called  as  a  witness,  in  criminal
proceedings or other proceedings to enforce the law;

(old) to facilitate the commission of a contravention of the law, including,
but  not  limited  to,  subject  to  subsection  (2),  escape  from  lawful
detention; or

(ee) to prejudice or impair the fairness of a trial or the impartiality of an

adjudication,

35

40

4j

50

55

(2) A record may not be refused in terms of subsection (1  )(b)(iii)(dd) insofar as it
consists of information about the general conditions of detention of persons in custody.

60

24

N(1.  2[1s52

Act Nfj. 2. 2[}0{}

GO\  ’ERNklENT G,4Z};TTli.  3 FEBR[,4RY  ~[)()()

I’R0310TIOS  OF ACCESS  TO INFOR\l,4T10N  ,4 CT. 2000”

(3)(a) If u request for access  to a record of  a public body must or  may be refused in
terms of subsection ( I  )((/) or (})). or could, if it existed. be so refused. and the disclosure
of  the  existence  or  non-existence  of  the  record  would  be  likely  to  cause  the  harm
contemplated in subsection ( 1 )({/)  or (b). the information officer concerned may refuse
to confirm or deny the existence or non-existence of the record.

(b)  If  the  information  officer  so  refuses  to  confirm  or  deny  the  existence  or

non-existence of the record, the notice referred to in section 25(3)  must—

(i)  state  that  fact;
(ii)  identify  the  provision  of  subsection  (1  )(a) or (b) in  terms  of  which  access

would have been refused if the record had existed;

5

10

(iii) state adequate reasons for the refusal, as required by section 25(3), in so far as
they can be given without causing the harm contemplated in any provision of
subsection ( 1 )(a) or (b): and

(iv)  state  that  the  requester  concerned  may  lodge  an  internal  appeal  or  an

application with a court. as the case may be, against the refusal as required by 15
section  25(3).

Mandatory protection of records privileged from production in legal proceedings

40.  The  information  officer  of  a  public  body  must  refuse  a  request  for  access  to  a
record of the body if the record is privileged from production in legal proceedings unless
the person entitled to the privilege has waived the privilege.

20

Defence,  security  and  international  relations  of  Republic

41. (1) The information officer of a public body may refuse a request for access to a

record of the body if its  disclosure—

(a) could  reasonably  be  expected  to  cause  prejudice  t~

(i) the  defence   of  the  Republic;
(ii)  the  security  of  the  Republic;  or
(iii)  subject  to  subsection  (3),  the  international  relations  of  the  Republic;  or

(b)  would  reveal  inforrnation—

(i) supplied in confidence by or on behalf of another state or an international

organisation;

(ii)  supplied  by  or  on  behalf  of  the  Republic  to  another  state  or  an
international  or&anisation   in  terms  of  an  arrangement  or  international
agreement,  contemplated  in  section  231  of  the  Constitution,  with  that
state  or  organisation  which  requires  the  information  to  be  held  in
confidence; or

(iii)  required  to  be  held  in  confidence  by  an  international  agreement  or
customary  international  law  contemplated  in  section  231  or  232,
respectively, of the Constitution.

(2) A record contemplated in subsection (1), without limiting the generality of that

subsection, includes a record containing in forrnation—

25

30

35

40

(a)  relating  to  military  tactics  or  strategy  or  military  exercises  or  operations
undertaken  in  preparation  of  hostilities  or  in  connection  with  the  detection,
prevention, suppression or curtailment of subversive or hostile activities;
(b)  relating  to  the  quantity,  characteristics,  capabilities,  vulnerabilities or deploy-

ment of—
(i)  weapons  or  any  other  equipment  used  for  the  detection,  prevention,

45

suppression or curtailment of subversive or hostile activities; or
(ii) anything being  designed,  developed,  produced  or  considered  for  use  as

weapons or such other equipment;

(c)  relating  to  the  characteristics,  capabilities,  vulnerabilities,  performance,  50

potential, deployment or functions  of—
(i) any milita~ force,  unit  or  personnel;  or
(ii) any body or person responsible for the detection, prevention, suppression

or curtailment of subversive or hostile activities;

(d) held  for  the  purpose  of  intelligence  relating  t~

55

(i) the  defence   of  the  Republic;
(ii)  the  detection,  prevention,  suppression  or  curtailment  of  subversive  or

hostile  activities;  or

(iii) another state or an international organisation used by or on behalf of the

Republic in the process of deliberation and consultation in the conduct of 60
intemat ional affairs;

GOVERNMENT  GW~,  3  FEBRUARY  2000

No.  20852  25

PROMOTtON  OF ACCESS TO  NORMATtON  ACT, 20~

Act No.  2,2000

(e)

(fl

(g)

(h)

on  methods  of,  and  scientific  or  technical  equipment  for,  collecting,  assessing
or handling information referred to in paragraph (d);
on the identity of a confidential source and any other source of information
referred to in paragraph (d);
on the positions adopted or to be adopted by the Republic, ano[her state or an
international organisation for the purpose of present or future international
negotiations: or
that  constitutes  diplomatic  correspondence  exchanged  with  another  state  or  an
international organisation or official  corresponde~ce  exchanged with diplo-
matic missions or consular posts of the Republic.

(3)  A  record  may  not  be  refused  in  terms  of  subsection  (I)(a)  (iii) if it came into

existence more than 20 years before the request.

(4)(a) If a request for access to a record of a public body may be refused in terms of
subsection (1), or could, if it existed, be so refused, and the disclosure of the existence
or non-existence of the record would be likely to cause the harm contemplated in any
provision  of  subsection  (1),  the  information  officer  concerned  may  refuse  to  confirm  or
deny the existence or non-existence of the record.

(b)  If  the  information  officer  so  refuses  to  confirm  or  deny  the  existence  or

non-existence of the record, the notice referred to in section 25(3) must—

(i)
(ii)

(iii)

(iv)

state that fact;
identify the provision of subsection ( 1 ) in terms of which access would  have
been refused if the record had existed;
state  adequate  reasons  for  the  refusal,  as  required  by  section  25(3), in so far  as
they can be given without causing the harm contemplated in subsection ( 1);
and
state that the requester may lodge an internal appeal or an application with  a
court, as the case may be, against the refusal as required by section 25(3).

Economic interests and financial welfare of Republic and commercial activities of
public  bodies

42. (1) The information officer of a public body may refuse a request for access to J
record of the body if its disclosure would be likely to materially jeopardise the  econonlic
interests or financial welfare of [he Republic or the ability of the government to manage
the economy of the Republic effectively in the best interests of the Republic.

(2)  The  information  referred  to  in  subsection  (1)  includes,  without  limiting  the

generality of that subsection, information  about—

(a)

(b)

a contemplated change in, or maintenance of, a policy substantially affecting
the  currency,  coinage,  legal  tender,  exchange  rates  or  foreign  investment:  -
a contemplated change in or decision not to change—
(i)  credit  or  interest  rates;
(ii) customs or excise duties, taxes or any other source  of  revenue:
(iii) the regulation or supervision  of  financial  institutions:
(iv)  government  borrowing;  or
(v) the regulation of prices of goods or services, rents or  wages. salaries or

other incomes; or

(c)

a contemplated—
(i) sale “or acquisition of immovable or movable property; or
(ii)  international  trade  agreement.

(3) Subject to subsection (5), the information officer of a public body may refuse  a

request for access to a record of the body if the record—

(a)
(b)

(c)

(d)

contains trade secrets of the  S~ate or a public body;
contains financial, commercial, scientific or technical information. other than
trade  secrets,  the  disclosure  of  which  would  be  likely to cause  harm to the
commercial or financial interests of the State or a public body:
contains  information,  the  disclosure  of  which  could  reasonably  be  expected—
(i)  to  put  a  public  body  at  a  disadvantage  in  contractual  or  other

negotiations; or

(ii) to prejudice a public body in commercial competition; or
is a computer program, as defined in section 1 ( 1 ) of the Copyright Act, 1978
(Act No. 98 of 1978), owned by the State or a public body, except insofar as
it is required to give access to a record to which access is granted in terms of
this Act.

10

30

35

40

45

50

55

60

Act NO.   2.2000

PRO\  fOTIOX  OF ,\ CCESS TO INFORklATION   ACT.  2000

(4) The information referred to in subsection (2)(c)(i) includes, without limiting the
information  about  an  a&reement,  or  contemplated
generality  of  that  subsection,
agreement, to transfer any interest in or right to shares in the capital of a public body to
any  person  which  is  not  a  public  body  referred  to  in  para&raph  (a) or  (b)(i)  of  the
definition of “public  body..,

(5) A record may not be refused in terms of subsection (3) insofar as it consists of

5

information—

(u)  already  publicly  available;
(b)  about  or  owned  by  a  public  body,  other  than  the  public  body  to  which  the

request  is  made,  which  has  consented  in  writing  to  its  disclosure  to  the  10
requester concerned; or

(c) about the results of any product or environmental testing or other investigation
supplied by, carried out by or on behalf of a public body, and its disclosure
would reveal a serious public safety or environmental risk.

(6) For the purposes of subsection (5)(c), the results of any product or environmental 15

testing or other investigation do not include the results of preliminary testing or other
investigation  conducted  for  the  purpose  of  developing  methods  of  testing  or  other
investigation.

(7) If a request for access to a record contemplated in subsection (5)(c) is granted and
the testing or other investigation was carried out by or on behalf of the public body from 20
which the record is requested, the information officer must at the same time as access to
the  record  is  given,  provide  the  requester  with  a  written  explanation  of  the  methods  used
in conducting the testing or other investigation.

Mandatory protection of research information of third party, and protection of
research information of public body

25

43. (1) The information officer of a public body must refuse a request for access to a
record  of  the  body  if  the  record  contains  information  about  research  being  or  to  be
carried out by or on behalf of a third party, the disclosure of which would be likely to
expose—

(a)  the  third  party;
(b) a person that is or will be carrying out the research on behalf of the third party;

30

(c) %e  subject  matter  of  the  research,

to serious disadvantage.

(2) The information officer of a public body may refuse a request for access to a record 35

of the body if the record contains information about research being or to be carried out
by or on behalf of a public body, the disclosure of which would be  likely to expose—

(a)  the  public  body;
(b)  a  person  that  is  or  will  be  carrying  out  the  research  on  behalf  of  the  public

body; or

(c) the  subject  matter  of  the  research,

to serious disadvantage.

Operations of public bodies

44. (1) Subject to subsections (3) and (4), the information officer of a  public body may

refuse a request for access to a record of the  body—

(a)  if  the  record  contains—

40

45

(i)  an  opinion,  advice,  report  or  recommendation  obtained  or  prepared;  or
(ii) an account of a consultation, discussion or deliberation that has occurred,

including, but not limited to, minutes of a meeting,

for  the  purpose  of  assisting  to  formulate  a  policy  or  take  a  decision  in  the  50
exercise of a power or performance of a duty conferred or imposed by law; or

( b )   if—

(i) the disclosure  of the record could reasonably be expected to frustrate the
deliberative  process  in  a  public  body  or  between  public  bodies  by
inhibiting the candid—
(aa)  communication of an opinion, advice, report or recommendation; or
(bb) conduct of a consultation, discussion or deliberation; or

55

GOWRNMENT  GAZE~,  3 FEBRUMY  2000

No.   20852  27

PROMOTtON  OF ACCESS  TO tNFOWA~ON   ACT,  2000

Act No.  2,2000

(ii) the disclosure of the record could, by premature disclosure of a policy or
contemplated policy, reasonably be expected to frustrate the success of
that  policy.

(2) Subject to subsection  (4), the information officer of a public body  may refuse a

request for access to  a rec~rd of the body if—

5

(a) the  disclosure  of  the  record  could  reasonably  be  expected  to  jeopardise  the
effectiveness of a testing, examining or auditing procedure or method used by
a pub!ic  body;

(b)  the  record  contains  evaluative  material,  whether  or  not  the  person  who

supplied it is identified in the record, and the disclosure of the material would 10
breach an express or implied promise which was—
(i) made to the person who supplied the material; and
(ii) to the effect that the material or the identity of the person who supplied

it, or both, would be held in confidence; or

(c)  the  record  contains  a  preliminary,  working  or  other  draft  of  an  official  of  a  15

public  body.

(3) A record may not be refused in terms of subsection (1) if the record came into

e,~istence more than 20 years before the request concerned.

(4) A record may not be refused in terms of subsection (1) or (2) insofar as it consists
of  an  account  of,  or  a  statement  of  reasons  required  to  be  given  in  accordance  with  20
section 5 of the Promotion of Administrative Justice Act. 2000.

Manifestly  frivolous  or  vexatious  requests,  or  substantial  and  unreasonable
diversion  of  resources

45.  The  information  officer  of  a  public  body  may  refuse  a  request  for  access  to  a

record of the body if—

25

(a)  the  request  is  manifestly  frivolous  or  vexatious:  or
(b)  the  work  involved  in  processing  the  request  would  substantially  and

unreasonably divert the resources of the public body.

Nlandatory disclosure in public interest

46.  Despite  any  other  provision  of  this  Chapter,  the  information  oficer  of a public 30

body must  grant a request  for access to a record of the body contemplated in section
34(1).  36(l),  37(l)(a)  or  (b), 38(a) or (b), 39(l)(a)  or (b),  40,  41(l)(a)  or  (b),  42(1)  or
(3). 43( 1) or (2), 44(1) or  (2) or 45, if—

(a)  the  disclosure  of  the  record  would  reveal  evidence  of—

(i) a substantial contravention of, or failure to comply with. the law; or
(ii)  an  imminent  and  serious  public  safety  or  environmental  risk: and
(b) the public interest in the disclosure of the record clearly outweighs the harm

35

contemplated in the provision in question.

CHAPTER  5
THIRD  PARTY  NOTIFICATION  AND  INTERVENTION

Notice to third parties

47. (1) The information officer of a public body considering a request for access to a
record that might be a record contemplated in section  34( 1), 35(1), 36( 1), 37(1) or 43(1)
must take all reasonable steps to inform a third party to whom or which  the record relates
of  the  request.

(2) The information officer must inform a third party in terms of subsection ( 1 )—

(f~) as soon  IS  reasonably  possible,  but  in  any  event,  within  21  days  after  that

request is received or transferred: and
(b) by  the  fastest  means  reasonably  possible.

40

45

(3j When informing a third party in terms of subsection  (1),  the  information  officer  50

must—

(a) state that he or she is considering a request for access to a record that might be
a record contemplated in section 34(1), 35(l), 36( 1), 37(1) or 43(1), as the
case may be, and describe the content of the record;

(b)  furnish  the  name  of  the  requester;

j5

Act N().  2,2000

PRO\lOTION  OF  .ACCESS TO  INFORN4.%TION ACT.  20(~

(c)

(d)

(e)

describe the provisions  of section 34(1), 35(1), 36(1), 37(1) or 43(1). as the
case may be;
in  any  case  where  the  information  officer  believes  that  the  provisions  of
section  46  might  apply.  describe  those  provisions,  specify  which  of  the
circumstances referred to in section 46(u) in the opinion of the information
officer might apply and state the reasons why he or she is of the opinion that
section 46 might apply; and
state that the third party may, within 21 days after the third party is  informed—
(i)  make  written  or  oral  representations  to  the  informa~on   officer  why  the

request for access should be refused; or

(ii) give written consent for the disclosure of the record to the requester.

(4) If a third party is not informed  orally of a request for access in terms of subsection
(1), the information officer must give a written notice stating the matters referred to in
subsection (3) to the third party.

Representations and consent  by third parties

5

10

15

48. (1) A third party that is informed in terms of section 47(1) of a request for access,

may, within 21 days after the third party has been  inforrned—

(a) make written or oral representations to the information officer concerned why

the request should be refused; or

(b)  give  written  consent  for  the  disclosure  of  the  record  to  the  requester

20

concerned.

(2) A third party that obtains knowledge about a request for access other than in terms

of section 47(1) may—

(a) make written or oral representations to the information officer concerned why

the request should be refused; or

(b)  give  written  consent  for  the  disclosure  of  the  record  to  the  requester

concerned.

Decision on representations for refusal and notice thereof

49. (1) The information officer of a public body must, as soon as reasonably possible,
but in any event within 30 days after every third party is informed as required by section
47—

(a) decide, after giving due regard to any representations made by a third party in

terms of section 48, whether to grant the request for access; and

(b) notify the third party so informed and a third party not informed in terms of
section 47( 1), but that made representations in terms of section 48 or is located
before the decision is taken, of the decision.

(2) If, after all reasonable steps have been taken as required by section 47(l), a third
party is not informed of the request in question and the third party did not make any
representations  in  terms  of  section  48,  any  decision  whether  to  grant  the  request  for
access  must  be  made  with  due  regard  to  the  fact  that  the  third  party  did  not  have  the
opportunity to make representations in terms of section 48 why the request should be
refused.

(3) If the request for access is granted, the notice in terms of subsection (1)(b) must

state—
(a)

(b)

(c)

adequate reasons for granting the request, including the provisions of this Act
relied upon;
that the third party may lodge an internal appeal or an application, as the case
may  be,  against  the  decision  within  30  days  after  notice  is  given,  and  the
procedure for lodging the internal appeal or application, as the case may be;
and
that  the  requester  will  be  given  access  to  the  record  after  the  expiry  of the
applicable period contemplated in paragraph  (b), unless such internal appeal
or application with a court is lodged within that period.

(4) If the information officer of a public body decides in terms of subsection (1 ) to
grant the request for access concerned, he or she must give the requester access to the
record concerned after the expiry of 30 days after notice is given in terms of subsection
(1)(b), unless an internal appeal or an application with a court, as the case may be, is
lodged against the decision within that period.

25

30

35

40

45

50

55

GOVERNMENT  GAZE~E,   3  FEBRUARY  2000

No.   2 0 8 5 2   29

PROMOTtON   OF  ACCESS  TO  INFORMATION  ACT,  2000

Act No.  2,2000

PART 3
ACCESS TO RECORDS OF PRIVATE BODIES

CHAPTER  1
WGHT   OF  ACCESS

Right of access to records of private bodies

50.  (1)  A  requester  must  be  given   access  to  any  record  of  a  private  body  if—
(a)  that  record  is  required  for  the  exercise  or  protection  of  any  rights;
(b) that person complies with the procedural requirements in this Act relating to

a request  for  access  to  that  record;  and

(c)  access  to  that  record  is  not  refused  in  terms  of  any  ground  for  refusal  10

contemplated in Chapter 4 of this Part.

(2) In addition to the requirements referred to in subsection (1), when J public body.
referred  to  in  paragraph  (a) or (b)(i)  of  the  definition  of  “public  body”  in  section  1,
requests access to a record of a private body for the exercise or protection of any rights.
other ~hafi its rights, it must be acting  in the public interest.

(3)  A  request  contemplated  in  subsection  (1)  includes  a  request  for  access  to  a  record
containing personal information about the requester or the person on whose behalf the
request is made.

Ij

CHAPTER  2
PUBLICATION  AND  AVAItiBILITY  OF  CERTAIN  RECORDS

Manual

51. (1) Whhin six months after the commencement of this section or the coming into
existence  of  the  private  body  concerned,  the  head  of  a  private  body  must  compile  J
manual containing—

(a)  the  postal  and  street  address,  phone  and  fax  number  and,  if  available.  25

electronic mail address of the head of the body;

(b)  a  description  of  the  guide  referred  to  in  section  10,  if  available,  and  how  to

obtain access to it;

(c) the latest notice in terms of section 52(2), if any, regarding the categories of

record  of  the  body  which  are  available  without  a  person  having  to  request  30
access in terms of this Act;

(d) a description of the records of  the  body  which  are  available  in  accordance  with

any other legislation;

(e)  sufficient  detail  to  facilitate  a  request  for  access  to  a  record  of  the  body,  a

description of the subjects on which the body holds records and the categories 35
of records held on each subject; and

V)  such  other  information  as  maybe  prescribed.

(2) The head of a private body must on a regular basis update the manual referred to

in subsection (l).

(3) Each manual must be made available as prescribed.
(4) For security, administrative or financial reasons, the Minister may, on request or of
his or her own accord, by notice in the Gazette, exempt any private body or category of
private bodies from any provision of this section for such period as the Minister thinks
fit.

Voluntary disclosure and automatic availability of certain records

52. (1) The head of a private body may, on a voluntary and periodic basis. submit to

the Minister a description  of—

(a) the  categories  of  records  of  the  private  body  that  are  automatically  available
without a person having to request access in terms of this Act, including such
categories  available—
(i) for inspection in terms of legislation other than this Act:
(ii) for purchase or copying from the private body;
(iii) from the private body free of charge; and

(b)  how  to  obtain  access  to  such  records.

40

45

jO

(2) If appropriate the Minister must, on a periodic basis and by notice in the Gazette— 55

(a)  publish  any  description  so  submitted:  and

.30

N(). 20s52

GO\  ’ERXVIENT (iAZETTE, 3 FEBR(J.AR}’   2000

Act X(). 2.2000”

PR0310TIOX  OF  .\ CCESS  TO  INFORhl.ATION ,ACT.  2000

(l)) update  any  description  so  published.

(3) The only fee payable (if any) for access to a record described in a list so published

is a prescribed fee for reproduction,

(4)  The  head  of  a  private  body  may  delete  any  part  of  a  record  contemplated  in
subsection  (1)(a)  which,  on  a  request  for  access,  may  or  must  be  refused  in  terms  of  5
Chapter 4 of this Part.

(5) Section 50 and any other provisions in this Act related to that section do not apply

to any category of records included in a notice in terms of subsection (2).

CHAPTER  3
MANNER  OF  ACCESS

10

Form of request

53.  (1)  A  request  for  access  to  a  record  of  a  private  body  must  be  made  in  the
prescribed form to the private body concerned at its address, fax number or electronic
mail address.

(2)  The  form  for  a  request  for  access  prescribed  for  the  purposes  of  subsection  (1) 15

must at least require the requester  concemed—

(a)  to  provide  sufficient  particulars  to  enable  the  head  of  the  private  body

concerned to  identify—
(i)  the  record  or  records  requested;  and
(ii)  the  requeste~

(b)  to  indicate  which  form  of  access  is  required;
(c) to specify a postal address or fax number of the requester in the Republic;
(d) to identify the right the requester is  seekng  to exercise or protect and provide
an  explanation  of  why  the  requested  record  is  required  for  the  exercise  or
protection of that right;

(e)  if,  in  addition  to  a  written  reply,  the  requester  wishes  to  be  informed  of  the
decision  on  the  request  in  any  other  manner,  to  state  that  manner  and  the
necessary particulars to be so informed; and

v) if the request is made on behalf of a person, to submit proof of the capacity in

20

25

which the requester is mting the request, to the reasonable satisfaction of the 30
head.

Fees

54. (1)  The  head  of  a  private  body  to  whom  a  request  for  access  is  made  must  by
notice  require  the  requester,  other  than  a  personal  requester,  to  pay  the  prescribed
request fee (if any), before further processing the request.

(2) If—

(a)  the  search  for  a  record  of  a  private  body  in  respect  of  which  a  request  for

access by a requester, other than a personal requester, has been made; and

(b)  the  preparation  of  the  record  for  disclosure  (including  any  arrangements

contemplated in section  29(2)(a)  and (b)(i) and (ii)(aa)),

would, in the opinion of the head of the private body concerned, require more than the
hours  prescribed  for  this  purpose  for  requesters,  the  head  must  by  notice  require  the
requester,  other  than  a  personal  requester,  to  pay  as  a  deposit  the  prescribed  portion
(being not more than one third) of the access fee which would be payable if the request
is granted.

(3) The notice referred to in subsection (1) or (2) must  state—

(u)  the  amount  of  the  deposit  payable  in  terms  of  subsection  (2),  if  applicable;
(b) that the requester may lodge an application with a court against the tender or
payment of the request fee in terms of subsection ( 1), or the tender or payment
of a deposit in terms of subsection  (2), as the case may be; and
(c)  the  procedure  (including  the  period)  for  lodging  the  application.

(4) If a deposit has been paid in respect of a request for access which is refused, the

head of the private body concerned must repay the deposit to the requester.

(5) The head of a private body may withhold a record until the requester concerned

has paid the applicable fees (if any).

(6) A requester whose request for access to a record of a private body has been granted
must pay an access fee for reproduction and for search and preparation contemplated in
subsection (7)(u) and (b), respectively, for any time reasonably required in excess of the

35

40

45

50

55

——,.,  ,. , ,,,,

GOVERNMENT  GAZE~E,   3  FEBRUARY  2000

No.  20852  31

PROMOTtON  OF ACCESS TO  ~OWA~ON   ACT,  2000

Act No. 2,2000

prescribed  hours  to  search  for  and  prepare  (including  mting  any  arrangements
contemplated in section  29(2)(a) and (b)(i) and (ii)(aa)) the record for disclosure.

(7)  Access  fees  prescribed  for  the  purposes  of  subsection  (6)  must  provide  for  a

reasonable access fee  for—

(a) the cost of  mting a copy of a record, or of a transcription of  the content  of a 5
record,  as  contemplated  in  section  29(2)(a)  and (b)(i),  (ii)(bb), (iii) and (v)
and, if applicable, the postal fee; and

(b) the time reasonably required to search for the record and prepare (including
mating   any  arrangements  contemplated  in  section  29(2)((z)  and  (b)(i)   and
(ii)(au))  the record for disclosure to the requester.

(8) The Minister may, by notice in the Gazerte—

(a) exempt any person or category of persons from paying any fee referred to in

this section;

(b)  determine  that  any  fee  referred  to  in  this  section  is  not  to  exceed  a  certain

maximum  amount;

(c)  determine  the  manner  in  which  any  fee  referred  to  in  this  section  is  to  be

calculated;

(d) determine that any  fee referred to in this section does not  tipply to ~  category

10

15

of  records;

(e) exempt any person or record or category of persons or records for a stipulated  20

period from any fee referred to in subsection (6); and

(Y) dete~ine that where the  cost of  collecting  any  fee  referred  to  in  this  section

exceeds the amount charged, such fee does not apply.

Records that cannot be found or do not exist

55. (1) If—

(a) all reasonable steps have been  t~en to find a record requested: and
(b) there  are  reasonable  ~ounds   for  believing  that  the  record—

(i) is in the private body’s possession but cannot be found: or
(ii)  does  not  exist.

the head of a private body must, by way of affidavit or affirmation, notify the requester  30
that it is not possible to give access to that record.

(2) The affidavit or affirmation referred to in subsection (1) must give a full account
of all steps t~en to find the record in question or to determine whether the record exists.
as  the  case  may  be,  including  all  communications  with  every  person  who  conducted  the
search on behalf of the head.

(3) For the purposes of this Act, the notice in terms of subsection(l) is to be regarded

as a decision to refuse a request for access to the record concerned.

(4) If, after notice is given in terms of subsection (1), the record in question is found,
the requester concerned must be  given access to the record unless access is refused on
a ground for refusal contemplated  in Chapter 4 of this Part.

Decision on request and notice thereof

56. (1) Subject to Chapter 5 of this Part, the head of the private body to whom the
request is made must, as soon as reasonably possible, but in any event within 30 days.
after the request has been received or after the particulars required in terms of section
53(2) have been received—

(a) decide in accordance with this Act whether  to grant the request; and
(b)  notify  the  requester  of  the  decision  and,  if  the  requester  stated,  as
contemplated in section  53(2)(e), that he or she wishes to be informed of the
decision  in  any  other  manner,  inform  him  or  her  in  that  manner  if  it  is
reasonably  possible.

(2) If the request for access is granted, the notice in terms of subsection (1)(b) must

state—

35

40

45

50

(u) the access fee (if any) to be paid upon access:
(b) the  form  in  which  access  will  be  given;  and
(c) that the requester may lodge an application with a court against the access fee 55
to be paid or the form of access granted, and the procedure for lodging the
application,

(3) If the request for access is refused, the notice in terms of subsection(1)(b) must—
(u)  state  adequate  reasons  for  the  refusal,  including  the  provisions  of  this  Act

relied on:

60

32

>(1   Johj:

Act N{).  2.2000

PROhfOTION  OF ACCESS  TO INFORN4ATION ACT.  2000”

GOVERNN4EN7-   GAZE~b.   3  I’tBRl  .~R}  20(}()

(/7) exclude, from any such reasons, any reference to the content of the record; and
(c)  state  that  the  requester  may  lod&e  an  application  with  a  court  against  the
refusal  of  the  request,  and  the  procedure  (including  the  period)  for  lodging  the
application.

Extension of period to deal with request

5

57. (1) The head of a private body to whom a request for access has been made, may
extend the period of 30 days referred to in section 56(1) (in this section referred to as the
“original period”) once for a further period of not more than 30 days,  if—

(a) the request is for a large number of records or requires a search through a large

number of records and compliance with the original period would unreason- 10
ably interfere with the activities of the private body concerned;

(b)  the  request  requires  a  search  for  records  in,  or  collection  thereof  from,  an
office of the private body not situated in the same town or city as the office of
the head that cannot reasonably be completed within the original period;

(c) consultation among divisions of the private body or with another private body 15
is necessary or desirable to decide upon the request that cannot reasonably be
completed within the original period;

(d)  more  than  one  of  the  circumstances  contemplated  in  paragraphs  (a), (b) and
(c) exist in respect of the request mting compliance with the original period
not reasonably possible; or

(e)  the  requester  consents  in  writing  to  such  extension.

(2) If a period is extended in terms of subsection (1), the head of the private body
must, as soon as reasonably possible, but in any event within 30 days, after the request
is received, notify the requester of that extension, the period of the extension and the
reasons for the extension.

20

25

(3) The notice in terms of subsection (2) must  state—

(a) the  period  of  the  extension;
(b) adequate reasons for the extension, including the provisions of this Act relied

upon;  and

(c) that the requester may lodge an application with a court against the extension, 30

and the procedure (including the period) for lodging the application.

Deemed refusal of request

58. If the head of a private body fails to give the decision on a request for access to the
requester  concerned  within  the  period  contemplated  in  section  56(1), the head of the
private  body  is,  for  the  purposes  of  this  Act,  regarded  as  having  refused  the  request.  35

Severability

59.  (1)  If  a  request  for  access  is  made  to  a  record  of  a  private  body  containing
information which may or must be refused in terms of any provision of Chapter 4 of this
Part, every part of the record  which—
(a) does  not  contain;  and
(b)  can  reasonably  be  severed  from  any  part  that  contains,

any such information must, despite arty other provision of this Act, be disclosed.

(2) If a request for access te

(a) a  part  of  a  record  is  granted;  and
(b)  the  other  part  of  the  record  is  refused,

as contemplated in subsection (1), the provisions of section 56(2) apply to paragraph (a)
of this section and the provisions of section 56(3) to paragraph  (b) of this section.

40

45

Form of access

60. If access is granted to a record of a private body, the head of that body must, as
soon  as  reasonably  possible  after  notification  in  terms  of  section  56,  but  subject  to  50
section 57, give access  in—

(a) such  form  as  the  requester  reasonably  requires;  or
(b) if no specific  form of access is required by the requester, such form as the head

reasonably determines.

GOWRNMENT G~~, 3 FEBRUARY  2000

PROMO~ON  OF ACCESS TO  mOWAmON   ACT,  2000

No.  20852  33

Act No.  2, 2W

Access to health or other records

61. (1) If the head of a private body who grants, in terms of section 50, a request for

access to a record provided by a health practitioner in his or her caFacity as such about
the physical or mental health, or well-being—

(a) of  the  requester;  or
(b)  if  the  request  has  been  made  on  behalf  of  the  person  to  whom  the  record

5

relates, of that person,

(in this section, the requester and person referred to paragraphs  (a) and (b), respectively,
are  referred  to  as  the  “relevant  person”),  is  of  the  opinion  that  the  disclosure  of  the
record to the relevant person might cause serious harm to his or her physical or mental 10
health,  or  well-being,  the  information  officer  may,  before  giving  access  in  terms  of
section 60, consult with a health practitioner who, subject to subsection (2), has been
nominated by the relevant person.
(2) If the relevant person is—

(a)  under  the  age  of  16  years,  a  person  having  parental  responsibilities  for  the  15
relevant person must make the nomination contempltiteti in subsection (1); or
(b) incapable of managing his or her affairs, a person appointed by the court to

manage those affairs must make that nomination.

(3)(a)  If,  after  being  given  access  to  the  record  concerned,  the  health  practitioner
consulted in terms of subsection (1) is of the opinion that the disclosure of the record to 20
the  relevant  person,  would  be  likely  to  cause  serious  harm  to  his  or  her  physical  or
mental health, or well-being, the head may only give access to the record if the requester
proves  to  the  satisfaction  of  the  head  that  adequate  provision  is  made  for  such
counseling  or  arrangements  as  are  reasonably  practicable  before,  during  or  after  the
disclosure  of  the  record  to  limit,  alleviate  or  avoid  such  harm  to  the  relevant  person.  25
(b) Before access to the record is so given to the requester, the person responsible for

such counseling or arrangements must be  given access to the record.

CHAPTER  4
GROUNDS  FOR  REFUSAL  OF  ACCESS  TO  RECORDS

Interpretation

30

62. A provision of this Chapter in terms of which a request for access to a record must

or may or may not be refused, must not be construed as—

(a) limited in its application in any way by any other provision of this Chapter in
terms of which a request for access to a record must or may or may not be
refused; and

35

(b)  not  applying  to  a  particular  record  by  reason  that  another  provision  of  this
Chapter in terms of which a request for access to a record must or may or may
not be refused, also applies to that record.

Nlandatory  protection of privacy of third party who is natural person

63. (1) Subject to subsection (2), the head of a private body must refuse a request for 40

access to a record of the body if its disclosure would involve the unreasonable disclosure
of personal information about a third party, including a deceased individual.

(2) A record may not be refused in terms of subsection (1) insofar as it consists of

information—
(a)

about an  inalvldual  who  has  consented  In terms  of section  72 or otnerwlse  In 43
writing to its disclosure to the requester concerned;
already publicly available;
that was given to the private body by the individual to whom it relates and the
individual was informed by or on behalf of the private body, before it is given,
that the information belongs to a class of information that would or might be 50
made available to the public;
about an individual’s physical or mental health, or well-being, who is under
the care of the requester and who is—
(i)  under  the  age  of  18  years;  or
(ii) incapable of understanding the nature of the request,
and if giving access would be in the individual’s best interests;
about an individual who is deceased and the requester is—

55

(b)
(c)

(d)

(e)

34

No, 

20s52

GOVERNNIENT  G.4ZETTE.  3  FEBRUARY  2000

Act N().  2,2000”

PRO\lOTION  OF .+ CCESS  TO lNFORklATION   ACT.  20(M

(i)  the  individuals  next  of  kin;  or
(ii)  making  the  request  \vith  the  written  consent  of  the  individual’s  next  of

kin; or

(f)

about  an  individual  who  is  or  was  an  official  of  a  private  body  and  which
relates to the position or functions of the individual, including, but not limited 5
te
(i) the fact that the individual is or was an official of that private body;
(ii) the title, work address, work phone number and other similar particulars

of the individual;

(iii)  the  classification,  salary  scale  or  remuneration  and  responsibilities  of  the  10

position held or services performed by the individual; and

(iv) the name of the individual on a record prepared by the individual in the

course of employment.

Mandatory  protection  of  commercial  information  of  third  party

64. (1) Subject to subsection (2), the head of a private body must refuse a request for 15

access to a record of the body if the record  contains—

(a)
(b)

(c)

trade secrets of a third party;
financial,  commercial,  scientific  or  technical  information,  other  than  trade
secrets, of a third party, the disclosure of which would be likely to cause harm
to the commercial or financial interests of that third party; or
information supplied in confidence by a third  party, the  disclosure  of  which
could  reasonably  be  expected—
(i)  to  put  that  third  party  at  a  disadvantage  in  contractual  or  other

negotiations; or

(ii)  to  prejudice  that  third  party  in  commercial  competition.

(2) A record may not be refused in terms of subsection (1) insofar as it consists of

20

25

information about—

(a) a third party who has consented in terms of section 72 or otherwise in writing

to its disclosure to the requester concerned;

(b)  the  results  of  any  product  or  environmental  testing  or  other  investigation  30
supplied  by,  carried  out  by  or  on  behalf  of  a  third  party  and  its  disclosure
would reveal a serious public safety or environmental risk.

(3) For the purposes of subsection (2)(b), the results of any product or environmental
testing or other investigation do not include the results of preliminary testing or other
investigation  conducted  for  the  purpose  of  developing  methods  of  testing  or  other  35
investigation.

Mandatory protection of certain confidential information of third party

65. The head of a private body must refuse a request for access to a record of the body
if its disclosure would constitute an action for breach of a duty of confidence owed to a
third party in terms of an agreement.

40

Mandatory protection of safety of individuals,  and protection of property

66. The head of a private  bodY—

(a)

(b)

must refus~ a request For access to a record of the body if its disclosure could
reasonably be expected to endanger the life or physical safety of an individual;
or
may refuse a request for access to a record  of the body if its disclosure  would
be likely to prejudice or  impair—
(i)
the  security  of—  -
(au)  a  building,  structure  or  system,  including,  but  not  limited  to,  a

computer or communication system;

(ii)

(bb) a  means  of  transport;  or
(cc)  any  other  property;  or
methods,  systems,  plans  or  procedures  for  the  protection  of—
(au)  an  individual  in  accordance  with  a  witness  protection  scheme;
(bb) the safety of the public, or any part of the public; or

45

50

55

GOVERNMENT  GMEmE,  3 FEBRUARY  2W

No.   20852  35

PROMOTtON   OF  ACCESS  TO  INFORMATION  ACT,  2000

Act No. 2,2000

(cc) the security of property contemplated in subparagraph  (i)(aa), (bb)

or (cc).

Mandatory protection of records privileged from production in legal proceedings

67. The head of a private body must refuse a request  for access to a record of the body
if the record is privileged from production in legal proceedings unless the person entitled 5
to the privilege has waived the privilege.

Commercial  information  of  private  body

68. (1) Subject to subsection (2), the head of a private body may refuse a request for

access to a record of the body if the record—

(a) contains  trade  secrets  of  the  private  body;
(b) contains financial, commercial, scientific or technical information, other than
trade secrets, of the private body, the disclosure of which would be likely to
cause harm to the commercial or  tinancial interests of the body;

10

(c) contains  information,  the  disclosure  of which could reasonably be  expected—

(i)  to  put  the  private  body  at  a  disadvantage  in  contractual  or  other  15

negotiations; or

(ii)  to  prejudice  the  body  in  commercial  competition;  or

(d) is a computer program, as defined in section 1(1) of the Copyright Act, 1978
(Act  No.  98  of  1978),  owned  by  the  private  body,  except  insofar  as  it  is
required to give access to a record to which access is granted in terms of this  20
Act.

(2) A record may not be refused in terms of subsection (1) insofar as it consists of
information  about  the  results  of  any  product  or  environmental  testing  or  other
investigation  supplied  by,  carried  out  by  or  on  behalf  of  the  private  body  and  its
disclosure would reveal a serious public safety or environmental risk.

(3) For the purposes of subsection (2), the results of any product or environmental
testing or other investigation do not include the results of preliminary testing or other
investigation  conducted  for  the  purpose  of  developing  methods  of  testing  or  other
investigation.

25

Mandatory  protection  of  research  information  of  third  party,  and  protection  of  30
research  information  of  private  body

69. (1) The head of a private body must refuse a request for access to a record of the
body if the record contains information about research being or to be carried out by or
on behalf of a third party, the disclosure of which would be likely to expose—

(u)  the  third  party;
(b) a person that is or will be carrying out the research on behalf of the third party;

3j

or

(c)  the  subject  matter  of  the  research,

to serious disadvantage.

(~)  The  head  of  a  private  body  may refuse  a request  for access  to a  record  of  the  body  40

if the record contains information about research being or to be carried out by or on
behalf of the private body, the disclosure of which would be  likely to expose—

(a)  the  private  body;
(b)  a  person  that  is  or  will  be  carrying  out  the  research  on  behalf  of  the  private

body; or

(c)  the  subject  matter  of  the  research,

to serious disadvantage.

Mandatory disclosure in public interest

45

70. Despite any other provision of this Chapter, the head of  a private body must grant
a  request  for  access  to  a  record  of  the  body  contemplated  in  section  63(1),  64(1),  65,  50
66(a) or (b), 67, 68(1) or 69(1) or  (2) if—

(a)  the  disclosure  of  the  record  would  reveal  evidence  of—

(i) a substantial contravention of, or failure to comply with, the law; or
(ii) imminent and serious public safety or environmental risk; and

(b)  the  public  interest  in  the  disclosure  of  the  record  clearly  outweighs  the  harm  55

contemplated in the provision in question.

~  (,

No.   20852

GOVERN%fENT  G,4ZETTE.  3  FEBRUARY  2000”

Act N().  2,  2000

PRONIOTIOX  OF ,4 CCESS  TO INFORhlATION  ACT. 20M)

CHAPTER  5
THIRD  PARTY  NOTIFICATION  AND  INTERVENTION

Notice to third parties

71. (1) The head of a private body considering a request for access to a record that
might  be  a  record  contemplated  in  section  63(1),  64(1),  65  or  69(1),  must  take  all
reasonable  steps  to  inform  a  third  party  to  whom  or  which  the  record  relates  of  the
request.

(2) The head must inform a third party in terms of subsection (1 )—

(a)  as soon  as  reasonably  possible,  but  in  any  event  within  21  days  after  that

request is received; and

(b) by  the  fastest  means  reasonably  possible.

(3) When informing a third party in terms of subsection (l), the head  must—

(a)

(b)
(c)

(d)

(e)

state that he or she is considering a request for access to a record that might be
a record contemplated in section 63(1), 64(1), 65 or 69(1), as the case may be,
and describe the content of the record;
furnish the name of the requester;
describe the provisions of section 63(1), 64(1), 65 or 69(1), as the case may
be;
in any case where the head believes that the provisions of section 70 might
apply, describe those provisions, specify which of the circumstances referred
to in section 70(a) in the opinion of the head might apply and state the reasons
why he or she is of the opinion that section 70 might apply; and
state  that  the  third  party  may,  within  21  days  after  the  third  party  is
inforrned—
(i)  make  written  or  oral  representations  to  the  head  why  the  request  for

access should be refused; or

(ii) give written consent for the disclosure of the record to the requester.

(4) If a third party is informed orally of a request for access in terms of subsection (l),
the head must give a written notice stating the matters referred to in subsection (3) to the
third  party.

Representations and consent by third parties

72. (1) A third party that is informed in terms of section 71(1) of a request for access,

may, within 21 days after being so informed—

(a) make  written  or  oral  representations  to  the  head  concerned  why  the  request

should be refused; or

(b)  give  written  consent  for  the  disclosure  of  the  record  to  the  requester

concerned.

5

10

15

20

25

30

35

(2) A third party that obtains knowledge about a request for access other than in terms

of section 71(1) may—

(a)  make  written  or  oral  representations  to  the  head  concerned  why  the  request

40

should be refused; or

(b)  give  written  consent  for  the  disclosure  of  the  record  to  the  requester

concerned.

Decision  on  representations  for  refusal  and  notice  thereof

73. (1) The head of a private body must, as soon as reasonably possible, but in any

45

event within 30 days after every third party is informed as required by section 7  l—

(a) decide, after giving due regard to any representations made by a third party in

terms of section 72, whether to grant the request for access; and

(b)  notify  the  third  party  so  informed  and  a  third  party  not  informed  in  terms  of
section 71, but that made representations in terms of section 72 or is located
before the decision is taken, of the decision.

(2) If, after all reasonable steps have been  taken as required by section 71, a third party
is not informed of a request, any decision whether to grant the request for access must
be made with due regard to the fact that the third  party did not have the opportunity to
make representations in terms of section 72 why the request should be refused.

(3) If the request is granted, the notice in terms of subsection  (1)(b) must state—

50

55

GOVERNMENT  GW~, 3 ~BRUARY  2~

No.  20852  37

PROMO~ON  OF ACCESS TO  ~ORMA~ON  ACT, 20M

Act No. 2,2000

(a) adequate reasons for granting the request, including the provisions of this Act

relied upon to justify the granting;

(b) that the third p~y may lodge an application with a court against the decision
of the head within 30 days  afte~ n~tice is given, and the procedure for lodging
the application; and

(c)  that  the  requester  will  be  given  access  to  the  record  after  the  expiry  of  the
applicable period contemplated in paragraph (b), unless an application with a
court is lodged within that period.

5

(4)  If  the  head  of  the  private  body  decides  in  terms  of  subsection  (1)  to  grant  the
request  for  access  concerned,  he  or  she  must  give  the  requester  access  to  the  record  10
concerned after the expiry of 30 days after notice is given in terms of subsection (l)(b),
unless an application with a court is lodged against the decision within that period.

PART 4
APPEALS AGAWST  DECISIONS

CHAPTER  1
INTERNAL  APPEALS  AGAINST  DECISIONS  OF  INFORMATION  OFFICERS
OF  CERTAIN  PUBLIC  BODIES

15

Right of internal appeal to relevant authority

74.  (1)  A requester  may  lodge  an  internal  appeal  against  a  decision  of  the  information
officer of a public body referred to in paragraph  (a) of the definition of “public body” in 20
section  l—

(a) to  refuse  a  request  for  access;  or
(b) t&en  in terms of section 22, 26(1) or 29(3),
in relation to that requester with the relevant authority.

(2) A third party may lodge an internal appeal against a decision of the information 25

officer of a public body referred to in paragraph  (a) of the definition of “public body” in
section 1 to grant a request for access.

Manner of internal appeal, and appeal fees

75. (1) An internal apped—

(a)  must  be  lodged  in  the  prescribed  form—

30

(i)  within  60  days;
(ii) if notice to a third party is required by section 49(l)(b), within 30 days
after notice is given to the appellant of the decision appealed against or,
if notice to the appellant is not required, after the decision was  t~en;

(b)  must  be  delivered  or  sent  to  the  information  officer  of  the  public  body  35

concerned at his or her address, fax number or electronic mail address;
(c)  must  identify  the  subject  of  the  internal  appeal  and  state  the  reasons  for  the
internal appeal and may include any other relevant information kown  to the
appellant;

(~  if,  in  addition  to  a  written  reply,  the  appellant  wishes  to  be  informed  of  the  40
decision on the internal appeal in any other manner, must state that manner
and provide the necessary particulars to be so informed;

(e) if applicable, must be accompanied by the prescribed appeal fee referred to in

subsection (3); and

(~)  must  specify  a  postal  address  or  fax  number.

(2)(a)  If  an  internal  appeal  is  lodged  after  the  expiry  of  the  period  referred  to  in
subsection (1)(a), the relevant authority must, upon good cause shown, allow the late
lodging of the internal appeal.

(b) If that relevant authority disallows the late lodging of the internal  appeti, he or she

must give notice of that decision to the person that lodged the internal appeal.

(3)(a)  A requester lodging an internal appeal against the refusal of his or her request

45

50

for access must pay the prescribed appeal fee (if any).

(b) If the prescribed appeal fee is payable in respect of an internal appeal, the decision

on the internal appeal may be deferred until the fee is paid.

(4)  As  soon  as  reasonably  possible,  but  in  any  event  within  10  worting   days  after  55

receipt  of  an  internal  appeal  in  accordance  with  subsection(1),  the  information  officer  of
the public body concerned must submit to the relevant authority—

3X

X()  20s52

GO\~ERNMENT  GAZETTE.  3 FEBRL.+R}’ 2000

Act No. 2, 2000

PROMOTIOS  OF  ACCESS  TO  INFORMATION  ACT,  2000

(a)

(b)

the  internal  appeal  together  with  his  or  her  reasons  for  the  decision  concerned:
and
if the internal appeal is against the refusal or granting of a request for access,
the name, postal address, phone and fax number and electronic mail address,
whichever  is  available,  of  any  third  party  that  must  be  notified  in  terms  of
section 47(  1 ) of the request.

Notice  to  and  representations  by  other  interested  persons

76. (1) If a relevant authority is considering an internal appeal against the refusal of
a  request  for  access  to  a  record  contemplated  in  section  34(1),  35(1),  36(1),  37(1)  or
43( 1), the authority must inform the third party to whom or which the record relates of
the  internal  appeal,  unless  all  necessary  steps  to  locate  the  third  party  have  been
unsuccessful.

(2) The relevant authority must inform a third party in terms of subsection ( 1 )—

(a)  as  soon  as  reasonably  possible,  but  in  any  event  within  30  days  after  the

receipt of the internal appeal; and
(b)  by  the  fastest  means  reasonably  possible.

(3) When informing a third party in  terms  of  subsection  (1),  the  relevant  authority

must—
(a)

(b)
(c)

(d)

state that he or she is considering an internal appeal against the refusal of a
request  for  access  to  a  record  contemplated  in  section  34(1),  35(1),  36(1),
37( 1) or 43( 1), as the case may be, and describe the content of the record and
the  provisions  of  section  34(l),  35(l),  36(l),  37(1)  or  43(l),  as  the  case  may
be;
furnish the name of the appellant;
in  any  case  where  that  authority  believes  that  the  provisions  of  section  46
might  apply,  describe  those  provisions,  specify  which  of  the  circumstances
referred  to  in  section  46(a)  in  the  opinion  of  the  head  might  apply  and  state  the
reasons  why  he  or  she  is  of  the  opinion  that  section  46  might  apply;  and
state that the third party may, within 21 days after the third party is informed,
make  written  representations  to  that  authority  why  the  request  for  access
should not be granted.

(4) If a third party is informed orally of an internal appeal in terms of subsection (1 ),
the relevant authority must, on request, give a written notice stating the matters referred
to in subsection (3) to the third party.

(5) A third party that is informed of an internal appeal in terms of subsection(1), may
within 21 days after the third party has been informed, make written representations to
the relevant authority why the request for access should not be granted.

(6) A third party that obtains knowledge about an internal appeal other than in terms

of subsection (1) may—

5

10

15

20

25

30

35

(a) make written or oral representations to the relevant authority why the request

40

for access should be refused; or

(b)  give  written  consent  for  the  disclosure  of  the  record  to  the  requester

concerned.

(7) If the relevant authority is considering an internal appeal against the granting of a
request for access, the authority must give notice of the internal appeal to the requester
concerned.

45

(8) The relevant authority must—

(a) notify the requester concerned in terms of subsection (7) as soon as reasonably
possible,  but  in  any  event  within  30  days  after  the  receipt  of  the  internal
appeal; and

(b) state in that notice that the third party may within21 days after notice is given,
make  written  representations  to  that  authority  why  that  request  should  be
granted.

(9)  A  requester  to  whom  or  which  notice  is  given  in  terms  of  subsection  (7)  may
within  21  days  after  that  notice  is  given,  make  written  representations  to  the  relevant
authority why the request for access should be granted.

50

55

Decision  on  internal  appeal  and  notice  thereof

77. (1) The decision on an internal appeal must be made with due regard  t~
(a) the particulars  stated  in  the  internal  appeal  in  terms  of  section  75(1)(c);

.,,,.,,.,,,,   ,.,

GOWRNMENT  G=~, 3 ~BRUARY   2000

No.   20852  39

PROMOTtON  OF ACCESS  TO INFORMAnON   ACT,  2000

Act No. 2,2000

(b)
(c)
(d)

any  reasons  submitted  by  the  information  officer  in  terms  of  section  75(4)(a);
any representations made in terms of section 76(5), (6) or (9); and
if a third party cannot be located as contemplated in section 76(1), the fact that
the third party did not have the opportunity to make representations in telms
of section 76(5) why the internal appeal should be dismissed.

(2)  When  deciding  on  the  internal  appeal  the  relevant  authority  may  confirm  the

decision appealed against or substitute a new decision for it.

(3) The relevant authority must decide on the internal appeal—

(a)  as  soon  as  reasonably  possible,  but  in  any  event  within  30  days  after  the

internal appeal is received by the information officer of the body;

(b)  if  a  third  party  is  informed  in  terms  of  section  76(1),  as  soon  as  reasonably

possible, but in any event within 30 days; or
(c)  if  notice  is  given  in  terms  of  section  76(7)—

(i) within five working days after the requester concerned has made written

representations in terms of section 76(9); or

(ii) in any other case within 30 days after notice is so given.

(4)  The  relevant  authority  must,  immediately  after  the  decision  on  an  internal

appeal—

(a) give  notice  of  the  decision  t~

(i)  the  appellant;
(ii) every third party informed as required by section 76(1); and
(iii) the requester notified as required by section 76(7); and

(b)  if  reasonably  possible,  inform  the  appellant  about  the  decision  in  any  other

manner stated in terms of section 75(1)(d).
(5) The notice in terms of subsection  (4)(a)  must—

‘(a)  state  adequate  reasons  for  the  decision,  including  the  provision  of  this  Act

(b)
(c)

(d)

relied  upon;
exclude, from such reasons, any reference to the content of the record:
state that the appellant, third party or requester, as the case may be, may lodge
an application with a court against ~he decision on internal appeal—
(i)  within  60  days;  or
(ii)  if  notice  to  a  third  party  is  required  by  subsection  (4)(a)(ii),   within  30

days,

after notice is given, and the procedure for lodging the application; and
if the relevant authority decides on internal appeal to grant a request for access
and notice to a third party—
(i)  is  not  required  by  subsection  (4)(a) (ii),  that  access  to  the  record  will

forthwith be given; or

(ii) is so required, that access to the record will be given after the  expiry of
the applicable period for lodging an application with a court against the
decision  on  internal  appeal  referred  to  in  paragraph  (c),  unless  that
application is lodged before the end of that applicable period.

(6) If the relevant authority decides on internal appeal to grant a request for access and

notice to a third party—

(a) is  not  required  by  subsection  (4)(a)(ii),   the  information  officer  of  the  body
must forthwith give the requester concerned access to the record concerned; or
(b) is so required. the information officer must, after the  expiry of 30 days after the
notice is given to every third party concerned, give the requester access to the
record  concerned,  unless  an  application  with  a  court  is  lodged  against  the
decision  on  internal  appeal  before  the  end  of  the  period  contemplated  in
subsection (5)(c)(ii) for lodging that application.

(7) If the relevant authority fails to give notice of the decision on an internal appeal to
the appellant within the period contemplated in subsection (3), that authority is, for the
purposes of this Act, regarded as having dismissed the internal appeal.

CHAPTER  2
APPLICATIONS  TO  COURT

5

10

15

20

25

30

35

40

45

jO

5j

Applications regarding decisions of information officers or relevant authorities of
public bodies or heads of private bodies

78. (1) A requester or third party referred to in section 74 may only apply to a court
for  appropriate  relief  in  terms  of  section  82  after  that  requester  or  third  party  has

60

40

N().   20s52

GOVERNMENT  GAZEnE. 3 FEBRUARY 2000

Act No. 2,2000

PROh!OTION  OF ACCESS   TO  INFORMATION  ACT.  20W

exhausted the internal appeal procedure against a decision of the information officer of
a public body provided for in section 74.

(2) A requester—

(a) that has been unsuccessful in an internal appeal to  the relevant authority of a

public  body;

(b) a&gneved  by a decision of the relevant authority of a public body to disallow

the late lodging of an internal appeal in terms of section 75(2);

(c) aggrieved by a decision of the information officer of a public body referred to

in paragraph  (b) of the definition of “public body” in section  l—
(i)  to  refuse  a  request  for  access;  or
(ii) t~en in terms  of  section  22,  26(1)  or 29(3);  or
(d)  aggrieved  by  a  decision  of  the  head  of  a  private  body—

5

10

(i)  to  refuse  a  request  for  access;  or
(ii)  t~en  in  terms  of  section  54,  57(1)  or  60,

may, by way of an application, within 30 days apply to a court for appropriate relief in 15
terms of section 82.

(3) A third party—

(a) that has been unsuccessful in an internal appeal to the relevant authority of a

public body;

(b) aggrieved by a decision of the information officer of a public body referred to 20
in  paragraph  (b)  of  the  definition  of  “public  body”  in  section  1  to  grant  a
request for access; or

(c) aggrieved by a decision of the head of a private body in relation to a request

for access to a record of that body,

may, by way of an application, within 30 days apply to a court for appropriate relief in 25
terms of section 82.

Procedure

79.  (1)  The  Rules  Board  for  Courts  of  Law,  established  by  section  2  of  the  Rules
Board for Courts of Law Act, 1985 (Act No. 107 of 1985), must within 12 months after
the  commencement  of  this  section,  m&e   and  implement  rules  of  procedure  for—  30

(a) a  court  in  respect  of  applications  in  terms  of  section  78;  and
(b)  a  court  to  receive  representations  ex parte  referred  to  in  section  80(3)(a).
(2) Before the implementation of the rules of procedure in terms of subsection (1)(a),
an application in terms of section 78 may only be lodged with a High Court or another
court of similar status.

(3) Any rule made in terms of subsection (1) must, before publication in the Gazette,

35

be approved by Parliament.

Disclosure of records to, and non-disclosure by, court

80. (1) Despite this Act and any other law, any court hearing an application, or an
appeal  against  a  decision  on  that  application, may  examine  any  record  of  a  public  or  40
private body to which this Act applies, and no such record may be withheld from the
court on any grounds.

(2)  Any  court  contemplated  in  subsection  (1)  may  not  disclose  to  any  person,
including  the  parties  to  the  proceedings  concerned,  other  than  the  public  or  private  body
referred to in subsection (1 )—

45

(a) any record of a public or private body which, on a request for access, may or

must be refused in terms of this Act; or

(b) if the information officer of a public body, or  tie relevant authority of that
body  on  intemd   appeal,  in  refusing  to  grant  access  to  a  record  in  terms  of
section  39(3)  or  41(4),  refuses  to  confirm  or  deny  the  existence  or  50
non-existence of the record, any information as to whether the record exists.

(3) Any court contemplated in subsection (1) may—

(a) receive  representations  ex pane;
(b)  conduct  hearings  in  camera;  and
(c)  prohibit  the  publication  of  such  information  in  relation  to  the  proceedings  as  55
the  court  determines,  including  information  in  relation  to  the  parties  to  the
proceedings and the contents of orders made by the court in the proceedings.

GOWRNMENT  GAZE~,  3 =BRUARY  2000

PROMOTION OF ACCESS TO  tNFORMA~ON   ACT,  2000

No.   2 0 8 5 2   4 1

Act No.  2,2000

Proceedings  are  civil

81. (1) For the purposes of this Chapter proceedings on application in terms of section

78 are civil proceedings.

(2) The  roles  of  evidence  applicable  in  civil  proceedings  apply  to  proceedin&s, on

application in terms of section 78.

(3) The burden of establishing that—

(a)  the  refusal  of  a  request  for  access;  or
(b) any decision taken in terms of section 22, 26(1), 29(3), 54, 57(1) or 60,
complies with the provisions of this Act rests on the party claiming that it so complies.

Decision  on  application

5

10

82. The court hearing an application may grant any order that is just and equitable.

inchtding  orders—

(a) confirming, amending or setting aside the decision which is the subject of the

application concerned;

(b) requiring from the information officer or relevant authority of a public body or 15
the head of a private body to take such action or to refrain from taking such
action as the court considers necessary within a period mentioned in the order:
(c)  granting  an  interdict,  interim  or  specific  relief,  a  declaratory  order  or

compensation; or

(d)  as  to  costs.

~~

PART 5
HUMAN RIGHTS COMMISSION

Additional  functions  of  Human  Rights  Commission

83. (1) The Human Rights Commission must—

(a) compile and make available a  guide on how to use this Act as contemplated in  2j

section 10; and

(b)  submit  reports  to  the  National  Assembly  as  contemplated  in  section  84.

(2)  The  Human  Rights  Commission  must,  to  the  extent  that  financial  and  other

resources are available—

(a)  develop  and  conduct  educational  programmed  to  advance  the  understanding  30
of the public, in particular of disadvantaged communities, of this Act and of
how to exercise the rights contemplated in this Act;

(b)  encourage  public  and  private  bodies  to  participate  in  the  development  and
conduct of programmed referred to in paragraph (a) and to undertake such
programmed  themselves;  and

(c) promote timely and effective dissemination of accurate information by public

3j

bodies about their activities.
(3) The Human Rights Commission may—

(CZ)  make  recommendations  for—

(i)  the  development,  improvement,  modernisation.  reform  or  amendment  of  40
this Act or other legislation or common law having a bearing on access to
information held by public and private bodies, respectively; and
(ii) procedures in terms of which public and private bodies make information

electronically available;
(b)  monitor  the  implementation  of  this  Act;
(c) if reasonably possible, on request, assist ~ny person wishing to exercise J right

contemplated in this Act;

(d) recommend to a public or private body that the body make such changes in the
manner  in  which  it  administers  this  Act  as  the  Commission  considers
advisable;

(e)  train  information  officers  of  public  bodies;
(~) consult with and receive reports from public and private  bodies  on  the

problems encountered in complying with this Act;

45

50

(g)  obtain  advice  from,  consult  with,  or  receive  and  consider  proposals  or

recommendations from, any public or private body, official of such a body or 5j
member  of  the  public  in  connection  with  the  Commission’s  functions  in  terms
of this Act;

*

42

No.  20852

GOVERNMENT  GAZE~,  3 FEBRUARY 2000

Act No.   2,2000

PROMOTION  OF  ACWS  TO INFOWATION  ACT,  2000

(h) for the purposes  of section 84(b)(x), request the Public Protector to submit to

the  Commission  information  with  respect  t~
(i) the number  of complaints  lodged  with  the  Public  Protector  in  respect  of

a right conferred or duty imposed by this Act;
(ii) the nature and outcome of those complaints; and

(i)  generally,  inquire  into  any  matter,  including  any  legislation,  the  common  law
and any practice and procedure, connected with the objects of this Act.
(4) For the purpose of the annual report referred to in section 84 and if so  ruluested
by the Human Rights Commission, the  head of a private body may furnish to that
Commission information about requests for access to records of the body.

(5) If appropriate, and if financial and other resources are available, an official of a
public  body  must  afford  the  Human  Rights  Commission  reasonable  assistance  for  the
effective performance of its functions in terms of this Act.

Report to National Assembly by Human  Rights  Commjssjon

84. The Human Rights Commission must include in its  annual report to the National

Assembly referred to in section 181(5) of the  Constitution—

(v)

(vi)

(i)
(ii)
(iii)
(iv)

(a) any recommendation in terms of section 83(3)(a); and
(h) in relation to each public body, particulars of—
Xe number of requests for access received;
the number of requests for access granted in full;
the number of requests for access granted in terms of section 46;
the number of requests for access refused in full and refused partially and
the number of times each provision of this Act was relied on to refuse
access in full or parttily;
the  number  of  cases  in  which  the  periods  stipulated  in  section  25(l)  were
extendd  in terms of secti~ 26( 1);
the number of internal appeals lodged with the relevant authority and he
number of cases in which, qs a result of an intemd  appeal, access was
given to a.recclrd or a p@, ~qre~~
the number of internal appeals which were lodged on the  grQuad that a
request for access was regarded aa having been refused ,in terms of
section  27;
the number of applications made to every court and  the outcome ,tierwf
and the number of decisions  of ,eve~ QQurt appealed. against  md the
outcome th@eofi
the  number  of  applications  to CVQW court wtich were lodged  Pn the
ground that an intemd appeal ,was+regarded  as,havkg  been distised  in
terms 
the  number  of  complaints  lodged with the Public  Protec~r,in respect of
a right confemed or duty -seal by this Act d the natumand   outcome
thereofl and
such other matters as may be pmweibeA ,

of  wtion   77(7);  ~, 

,.,,

(viii)

(vii)

,!

(ix)

(xi)

(x)

: 

, 

,

!.

5

10

15

20

25

30

35

40

Expe@jture of Human M@ta CO@@On  jn tew,of 4ct.

85.  Any  expenditure,  iq, c{)nnectiop wi~ de’ ~~o~~ce  pf the
Commission’s  functions  ,m ter~s of us, Act i +qft ~,, @efrayed
appropriated  by  Parliament  to tiat  Commission  for that E~se+

Human  Rights
from  moneys

45

,,

PA~T6
TRANSITIONAL  PRO~I~N$

,,. 

,.!

Appljcatjon   of  o t h e r   Iegfdatjon  prodding  for  ~t~  ‘‘  :  ~
!.,,

.! 

86. (1) The Minister must, within 12 months after the commencement of section 6,

introduce a Bill in Parliament proposing the  amendme~  0%, ,

(a) Part 1 of the Schedule to include the provisions.@ld@& which provide

for or promote access to a record of a publio body; d.

(b) Part 2 of the Schedule to include the provisi-of~stiohwhich  provide

for or promote  acces!; to a record of a private body.

(2) Until the amendment of this Act contemplated in subsection (1)  ti~t, any
other legislation not referred to in the Schedule which provides for  ac~~ ta &wcord of

s

50

55

..-  ..-  ...  -,  .  .,  .

GOWRNMENT  G~m, 3 ~BRUARY  2000

PROMOTtON  OF ACCESS TO  NOWA~ON  ACT, 2~

No.   20852  43

Act No.  2,2000

a public body or a private body in a manner which, including, but not limited to, the
payment of fees, is not materially more onerous than the manner in which access maybe
obtained in terms of Part 2 or 3 of this Act, respectively, access may be given in terms
of that legislation.

Extended  periods  for  dealing  with  requests  during  first  two  years

87. (1) For—

(a) 12 months from the date that Part 2 takes effect in respect of a public body, the

reference te
(i) 30 days in section 25(1) and any other reference to that period in other

provisions of this Act;

(ii) 30 days in section 49(1) and any other reference to that period in other

provisions of this Act,

must be construed as a reference to 90 days in respect of that public body; and
(b) 12 months following the 12 months referred to in paragraph (a), the reference

t*
(i) 30 days in section 25(1) and any other reference to  that period in other

provisions of this Act;

(ii) 30  days  in  section  49(1)  and  any  other  reference  to  that  period  in  other

provisions of this Act,

must  be  construed  as  a  reference  to  60  days  in  respect  of  the  public  body
concerned.

(2)  The  periods  of  90  days  and  60  days  referred  to  in  subsection  (1)(a)  and  (b),

respectively, may not be extended in terms of section 26.

(3) Parliament must, after a period of 12 months, but within a period of 18 months.

after the commencement of this section, review the operation of this section.

Correction  of  personal  information

88. If no provision for the correction of personal information in a record of a public
or private body exists, that public or private body must take reasonable steps to establish
adequate  and  appropriate  internal  measures  providing  for  such  correction  until
legislation providing for such correction takes effect.

5

10

lj

~o

25

30

PART 7
GENERAL  PROVISIONS

Liability

89. No person is criminally or civilly liable for anything done in good faith in the
exercise or performance or purported exercise or performance of any power or duty in
terms of this Act.

35

Offences

90. A person who with intent to deny a right of access in terms of this  Act—

(a)  destroys,  damages  or  alters  a  record;
(b) conceals  a  record;  or
(c)  falsifies  a  record  or  makes  a  false  record,

40

commits an offence  and is liable on conviction to a fine or to imprisonment for a period
not exceeding two years.

Amendment of Public Protector Act 23 of 1994

91. Section 6 of the Public Protector Act, 1994 (Act No. 23 of 1994), is hereby

45

amended—

(a)  by  the  substitution  in  paragraph  (c)  of  subsection  (4)  for  the  expression

“authority.” of the expression “authority; and”; and

(b) by  the  addition  to  subsection  (4)  of  the  following  paragraph:

“(d)  on  his  or  her  own  initiative,  on  receipt  of  a  complaint  or  on  request
relating to the operation or administration of the Promotion of Access to
Information Act, 2000,  endeavour,  in his or her sole discretion. to resolve
any dispute by—

50

4

No,  20852

GOVERNMENT GA~~E, 3 ~BRUARY  2000

Act  No,  2,2000

PROMOTION OF ACCESS TO ~FOWA~ON Am, 2000

(j) mediation, conciliation or negotiation;
(ii) advising, where  necessary,  any  complainant  regarding  appropriate

remedies;  or

(iii) any other means that may be expedient in the circumstances.

Regulations

5

92. (1) The Minister may, by notice in the  Gazette, m~e  regulations  regarding—

(a)  any  matter  which  is  required  or  permitted  by  this  Act  to  be  prescribed;  ,
(b)  any  matter  relating  to  the  fees  contemplated  in  sections  22  and  54;
(c) any notice required by this Act;
(d) uniform criteria  to be applied by the information officer of a public body when 10
decidhg which categories of records are to be made available in terms of
section 15;  md

(e) my administrative  or prwedurd  matter  necessary  to  give  effect  to  the

provisions  of  this  Act.

(2) Any regulation in terms of subsection (1) must, before publication in the  Gazette, 15

be submitted to Parliament.

20

25

30 ‘

(3) Any regulation in  te[ms of subsection (1)  which—

(a) relates to  f~s; or
(b) may result in finnncial expenditure for the State,

must be made by the Minister acting in consultation with the Minister of Finance,

Shoti tide and commencement

93. (1) This Act is the Promotion of Access to bformation  Act, 2000, and ties effect

on a date determined by the President by proclamation in the Gazette.

(2) Different dates may be so determined in respect  of—

(a) different provisions of this Act;
(b) different categories of public bodies, including, but not limited to, different

public bodies conkmplatd in—
( i )   p a r a g r a p h   ( a );
(ii)  paragraph  (b)(i);  ad
(iii) paragraph (b)(ii),
of the definition of “public body” in section 1; and

(c) different categories of private  bodios,
, .$

f

,.,  ,

,,, ,,

,,

,,

GOVERNMENT  GAZETTE,  3  ~BRUARY  2W

PROMO~ON  OF ACCESS TO  mORMAmON   ACT,  2000

No.  20852  45

Act No. 2,2000

SCHEDULE

Part 1

(Section 6(a))

,

Number and year of law Short title
Act 107 of 1998

—

Section
Section 31( 1 )

National  Environmental
Management  Act,  1998

Part 2

(Section 6(b))

Number and year of law Short  title
Act 107 of 1998

National  Environmental
Management Act,  1998

Section
Section 3  1(2)

"
CODE-OF-CONDUCT-for-COUNCILdoc-.pdf," CODE OF CONDUCT   

for  

COUNCIL  

and  

MEMBERS OF COUNCIL  

A. Introductory:  

1. Section 27(1) of the Higher Education Act, Act 101 of 1997 as amended, requires  from the Council 
of a public higher education  institution  to govern such  institution (subject, however, to  the 
provisions of the Higher Education Act and  the Statute of such institution).   

2. As the Council of a public higher education institution is charged with governing  such institution, 
the Council of such institution is, therefore, responsible for its  financial affairs, affairs relating 
to quality instruction  and proper evaluation of  students, its general reputation  and standing 
within South Africa and also in the  rest of the world and, in general, for the maintenance of 
good order in the affairs  
of the institution.   

3. The Council of a public higher institution, being the highest governing body of  such institution, 
should therefore see to it that the institution sustains the  confidence of the public and of the 
State.  

4. As a result of its composition the Council of a public higher institution is not in a  position to manage 
the day-to-day affairs of such an institution. Its main function  should rather be one of providing 
general policies as how such management  should be conducted. The day-to-day management 
should  then  be  entrusted  to  the   rector  of  the  institution  and  his/her  executive  management 
team. The rector is,  however, always accountable to the Council of the public higher institution 
for  his/her decisions and conduct regarding the day-to-day management of such  institution.   

B. Statutory Obligations of Council:  

1. Various sections of the Higher Education Act and paragraphs of the Statute of the  University of 
the  Western  Cape  describe  the  (legal)  obligations  of  the  Council  of   the  University  of  the 
Western Cape.  

2. The Higher Education Act requires that Council must: 

2.1 subject to the provisions of the Higher Education Act and the provisions of  the 
Statute of the University, govern the University [section 27];  

1  

2.2 subject to policy determined by the Minister of Education  and with the  concurrence of 
Senate, determine the language policy of the University  (and publish such policy and 
make it available on request)[section 27];   

2.3 after consultation with the Students’ Representative Council, provide a  suitable structure 

to provide Council with advice on policy for student  support services [section 27];  
2.4 appoint the non-academic employees of the University [section 34]; 2.5 after 
consultation with Senate, appoint the academic employees of the  University [section 
34];  

2.6 subject to applicable labour law, determine the conditions of service,  privileges 
and functions of employees of the University [section 34]; 2.7 subject to applicable 
labour law, determine disciplinary provisions (i.e. a   

code of conduct and disciplinary rules and procedures) with respect 
to  employees of the University [section 34];  

2.8 subject to the provisions of the Higher Education Act and after  consultation with Senate, 
determine the admissions policy of the  University (and publish such policy and make 
it available on request)  [section 37];  

2.9  in  the  manner  determined  by  the  Minister  of  Higher  Education,  keep   record  of  its 
proceedings and keep accounting records (of assets and of  income and expenditure) 
[section 41];  

2.10 annually provide the Minister of Education with a report on overall  governance of the 
University  and  an  audited  statement  of  the  University’s   income  and  expenditure 
(including a balance sheet and cash flow  statement) [section 41]; and  

2.11 provide the Minister of Education with such information he/she may  reasonably require 

[section 41].  

3. The Statute of the University requires that Council, in addition to the obligations  enumerated in 

2. above, must:  

3.1 decide on the appointment of at least 4 additional members of Council  [paragraph 

16C.1.16];  
3.2 elect a chairperson and vice-chairperson [paragraph 16E.1]; 3.3 
meet at least twice every year [paragraph 16H.1] and  
3.4 establish an executive committee [paragraph 16L.1].  

C. General Responsibilities of Council:  

1. The primary responsibility of Council is to carry out, diligently and objectively,  those obligations 
imposed on it by the Higher Education Act and the Statute of the  University of the Western 
Cape and, thereby, to serve the interests of South  Africa in general and that of the University 
of the Western Cape in particular. 

2. In addition to its primary responsibility, Council also has responsibility for:   

2  

2.1 preserving the integrity and good name of the University;  
2.2 clarifying the mission and strategic objectives of the University; 2.3 promoting 
and encouraging academic excellence within the University in  order to ensure world 

class performance and global competitiveness; 2.4 promoting the advancement of the 
University;  
2.5 promoting the upliftment of previously disadvantaged persons and groups; 2.6 
appointing suitably qualified and experienced persons to occupy the  position of 
Rector, Vice-Rector, Registrar, Executive Director and Dean  within the University;  
2.7 supporting and encouraging persons occupying the posts referred to in 2.6  above 
and from time to time assessing their performance;  
2.8 preserving the autonomy, academic and otherwise, of the University; 2.9 ensuring 
that adequate physical development takes place and that  adequate financial 
resources exist and that the University’s physical and  financial resources are cost-
effectively utilised;  

2.10 conveying the educational needs of society to the University’s  management;  
2.11 fostering an effective relationship between Council, the University  community and the 

community at large;   
2.12 respecting the autonomy of the functional units of the University; and 2.13 
seeing to it that individual members of Council carry out those duties and  functions 
imposed on them by the Higher Education Act and the  University’s Statute in general 
and that they regularly attend meetings of  Council and, furthermore, actively take 
part in Council’s deliberations in  particular.  

D. General Duties and Responsibilities of Individual Members of Council:  

1. Apart from  the obligations and responsibilities of the Council of the University of  the Western 
Cape  as  a  collective,  the  members  of  this  collective  also  have,  as   individuals,  particular 
obligations and responsibilities.  

2.  Individual  members  of  Council  have  to  take  part,  in  an  objective  and  unbiased   manner,  in  the 
deliberations and decision-making processes of Council and  should, therefore, refrain from 
accepting gifts and favours from individuals or  businesses:  

2.1 if such gifts and favours are clearly intended to be prejudicial to objective  and unbiased 
deliberation and decision-making or clearly intended to exert  undue influence on an 
individual member of Council; or  

2.2 if such gifts and favours, however innocently intended, may be viewed or  perceived by the 
University community or the public at large to be  prejudicial to objective and unbiased 
deliberation and decision-making or  

viewed or perceived as exerting undue influence on an individual member  of 
Council.  

3  

3. The Statute of the University of the Western Cape prescribes that a member of  Council (other than 
the Rector and a Vice-Rector) automatically vacates his/her  office as member of Council if:  

3.1  he/she,  not  being  a  member  by  virtue  of  him/her  being  an  employee  or   student  of  the 

University, becomes an employee or student of the  University [paragraph 16F.1.4];  

3.2 he/she is convicted of an offence by a court of law and sentenced 
to  imprisonment without the option of a fine [paragraph 16F.1.3];  
3.3 he/she is declared insolvent by a court of law [paragraph 16F.1.2];  3.4 he/she is 
absent from two consecutive ordinary meetings of Council  without having requested 
and obtained the leave of Council for such  absence [paragraph 16F.1.1]; and  
3.5 his/her period of office has expired [paragraph 16D.1].  

4. In view of 3. above an individual member of Council therefore has the  responsibility to:  

4.1 regularly attend meetings of Council and to inform Council in writing (or  electronic mail), 
through its secretary (namely the Registrar of the  University) if he/she is not able to 
attend a particular meeting of Council;  and  

4.2 inform the secretary of Council  in writing (or electronic  mail) and without  delay when 
he/she has become insolvent, convicted of an offence and  sentenced to imprisonment 
or,  in  the  case  of  a  member  of  Council  who  is   not  an  employee  or  a  student  of  the 
University, when he/she has become  an employee or student of the University.  

5. Apart from the duties and responsibilities imposed on individual members of  Council by the Higher 
Education Act and by the University’s Statute, an  individual member of Council furthermore 
has the following moral and ethical  responsibilities to the University, Council, his/her fellow 
councilors and the South  African community at large, namely:  

5.1 to judge issues of policy serving before Council objectively and without  any undue regard 

to pressure, political or otherwise, or opinions to the  contrary;  

5.2 to come to meetings of Council fully prepared and fully apprised of the  contents of 

documentation serving before Council;  
5.3 to speak his/her mind at meetings of Council;  

5.4 ,to have due regard for the opinions, views and dignity of his/her fellow  councilors; 

4  
5.5 to communicate promptly to the Chairperson of Council and/or the Rector  any significant 
concern or complaint which has come to his/her notice and  to allow the Chairperson 
of Council and/or the Rector to deal with such  matter;  

5.6 to recognize the Rector as the primary spokesperson for the University and the 

Chairperson of Council as the only person to speak for and on  behalf of Council;  

5.7 to foster openness and trust among councilors on the one hand and among  Council and 
the university administration, faculties, staff and students on  the other hand;  
5.8 to foster openness and trust in relationships between the University and  the government 

of the Republic of South Africa;  

5.9 to foster openness and trust in relationships between the University and  the South 

African community at large;  

5.10 to recognize that no individual member of Council may make any request  or demand for 
action if such action may violate any of the policies and  rules of the University and/or 
Council;  

5.11 to maintain, at all times, the highest ethical standards and never to allow  any 
personal conflict of interest to affect decisions made;  

5.12 to recognize that authority to govern the University resides only with  Council as a whole 

and not with any of the individual members of  Council;  
5.13 to ensure that any disclosures made to Council or the Rector are accurate; 5.14 
to, subject to the provisions of South African common and statutory law,  keep 
confidential any information regarding the University, its employees  and its students 
coming to his/her knowledge as a result of his/her access  to documentation serving 
before Council and to keep confidential  discussions at meetings of Council;  
5.15 to maintain an overriding loyalty to the entire University rather than to  any part of it or 

constituency within it;  
5.16 to assist with the enhancing of the corporate image of the University as  well as 
assisting with the enhancing of the p/ ublic image of Council itself; 5.17 to support 
the policies and programmes of the University once established  in accordance with 
the statutory authority of Council, Senate and/or the  Rector; and  

5.18 to always be mindful of the fact that the role of Council is one of strategic  policy making 
and  not  one  of  direct  involvement  in  the  day-to-day   administration  and  the 
management of the University.  

E. Confidentiality:  

1. Council and individual members of Council has a legal (as well as a moral and  ethical) duty and 
responsibility  to  keep  matters  serving  before  Council  and   deliberations  and  discussions  at 
meetings of Council confidential, especially if  such matters, deliberations and/or discussions 
may potentially be of a libelous or  slanderous nature or may potentially publicly, without just 
cause, embarrass or  

5  

impair the dignity of individuals (whether they are members of Council, members  of 
the  University  staff,  students  of  the  University  or  members  of  the  public),   business 
corporations, non-governmental organizations or structures of national or  provincial 
government.  

2.  Council  and  individual  members  should,  furthermore,  keep  matters  serving  before   Council  and 
deliberations and discussions at meetings of Council confidential if  such matters, deliberations 
and/or  discussions  may  negatively  affect  good  order   and/or  relationships  within  the 
University community.  

F. Conflict of Interest:  

1. All members of Council are at all times obliged and duty bound to accurately disclose any 

conflict of interest, whether potential or real, that exists, or may  exist, between them and the 
University or any constituent part thereof. Potential or real conflicts as it may relate to 
members of Council in their personal  capacity, as well as their immediate family members 
who would, for the purposes  of this Code, be defined as a spouse, parents, siblings, children 
or any other  relative if the latter resides in the same household as the member concerned, 
must  be disclosed and reported.  

2. Council must at all times be mindful of any conflict of interest, potential or real,  that may exist or 
may occur in the relationship between the interest of one or  more of its members on the one 

hand and the University or any constituent part  thereof on the other hand. Council must further 
be mindful of the fact that it is in  the interest of the University to have people of excellence 
and high standing on  Council and that such Council members, who freely share their expertise, 
are   likely  to  have  commitments  and  interests  in  the  affairs  of  other  institutions 
and  organizations.  

3. Should any individual member of Council become aware of, or suspect, any real  or potential conflict 
between the interest of any one or more members of Council  and that of the University or any 
constituent part thereof, he/she is duty bound to,  without delay, officially bring it to the notice 
of Council via the Registrar  

whereupon Council must, as soon as possible, deliberate on such matter and  decide 
upon it in accordance with generally accepted practice in this regard.  

4. Should a conflict of interest, whether potential or real, between a member of  Council and 
the University arise, the member in question is duty bound to:  

4.1 declare, in writing and via the Registrar, such interest to Council before  January of each 
year  and  at  the  earliest  opportunity  if  matters  should  arise   during  the  course  of  the 
year;  

4.2 declare to Council in the declaration contemplated in 4.1 above, the nature  of the 

transaction in question (e.g. whether it flows from a business  

6  

contract  between  the  member  and  the  University),  including  (a)  what 
the  
services, 
transport  services, security services, etc.) and (b) the monetary value thereof;  

(e.g.  provision 

for  catering 

transaction 

relates 

to 

4.3  declare  to  Council  his/her  fiduciary  responsibilities  towards  other   organisations  as 
director, employee or executive manager, and who may  in this capacity experience a 
potential  or  real  conflict  of  interest  as  a   consequence  of  such  association  and  the 
University affairs to be dealt with  by the Council, provided that such declaration is not 
obligatory  where  the   holding  of  shares  in  a  company  listed  on  the  Stock  Exchange 
constitutes  less than 5 percent of the issued shares of such a company;  

4.4 declare to Council in the declaration contemplated in 4.1 above, the nature  of the conflict 
where membership of a tribunal or quasi-judicial body of  the University that deals with 
disciplinary matters pertaining to students  and employees of the University, the issue 
of permits, permissions,  authorization or similar rights or privileges, may constitute a 
potential or  real conflict of interest; and  

4.5 submit to Council, for noting and for  its information,  copies of all  documentation (e.g. 
tenders  submitted,  contracts  concluded,  etc.)   pertaining  to  the  reported  conflict  in 
question.  

5.  Members  of  Council  who  have  declared  real  or  potential  conflict  of  interests   must  recluse 
themselves from meetings or during agenda items where such  matters are discussed, unless 

Council resolves that the reported conflict is  inconsequential and that they may participate 
in discussions or vote on such  matters.  

6. A member of Council must, at the earliest opportunity, not only inform  Council of a transaction 
or transactions between him/her and the University,  but, furthermore, obtain the express 
and informed consent of Council to enter  into, to continue with, or to compete for such 
transaction or transactions,  provided that decision of Council should always heed the legal 
and  constitutional rights of such member of Council.  

7. A register of declarations of interests must be circulated at each meeting of  Council and any 
declarations that are made before or during meetings should  be recorded in the minutes of 
such meeting.  

8. Sub-committees of Council that have delegated authority to take final  decisions on specified 
matters must refer matters where conflicts of interest  have been reported to Council for 
final decision. 

7  

9.  The  Chairperson  of  Council  and  the  office  of  the  Registrar  (the  latter  being   responsible  for 
arrangements in connection with meetings and accompanying  procedures) should as far as 
possible ensure that a member of Council, with a  direct or indirect interest in competing 
tenders, bids, or business propositions  will not be unfairly advantaged relative to other 
competitors.  

G. Transparency:  

Subject to E. above, Council as well as individual members of Council must at all  times 
endeavour to execute their responsibilities in a manner which is as  transparent as the 
particular circumstances may allow.  

H. Committees of Council:  

1. The General Responsibilities of Council (see C. above) are, with the necessary  changes, equally 

applicable to committees of Council.  

2. The General Duties and Responsibilities of individual members of Council (see  D. above) are, with 
the necessary  changes,  equally  applicable to members of  Council serving on  committees of 
Council.  

00000000000000000000000000000000  

Approved by Council on 20 March 2003 (C 2003/2, 7.1.2)  
Amendment of F. approved by Council on 19 March 2008 [C 2008/1] 
E:\amended CODE OF CONDUCT for COUNCIL.doc  
C:\Documents and Settings\Philip Smit\My Documents\SMIT-MS2008\amended CODE OF CONDUCT for COUNCIL.doc 

 
 
"
CONSENT.pdf,"UWC APPLICATION CONSENT FORM 
APPLICATION TO STUDY 2026

We are committed to ensuring that the personal information obtained from third parties is treated confidentially 
and  to  protecting  the  privacy  of  the  persons  whose  personal  information  is  made  available  to  the  admissions 
office. We are further committed to protecting the personal information and to use that personal information in 
a  lawful  and  transparent  manner.  The  personal  information  obtained  from  third  parties  will  only  be  used  to: 
assess and process the applicant’s application; to verify previous academic records or information pertaining to 
the  required  documentation  to  access  an  application;  for  audit  and  record  keeping  purposes;  you  and  your 
parents/guardians  are  required  to  provide  consent  for  the  University  to  use  and  verify  the  information  you 
provide by signing the form. 

Note:  An  applicant  under  the  age  of  18  must  have  this  form  signed  by  either  of  his/her  parents.  If  a 
applicant has no parents (e.g. they are deceased) or the parents are divorced, a legal guardian is normally 
officially appointed. In such cases, the legal guardian must sign this form. If an applicant does not have a 
parent  or  a  legal  guardian,  a  responsible  adult  family  member  (next-of-kin)  or  other  responsible  adult 
who is prepared to make the declaration and the undertaking must sign with the applicant. The details of 
the parent/legal guardian must be listed on this form. 

I, (applicant’s full name) 
and (UWC application number)  
, confirm that by voluntary submitting 
any personal information to the University of Western Cape in any form, constitutes, unconditional and specific 
consent  for  the  University  to  verify  the  relevant  data  as  required.  The  parental  consent  will  only  be  valid  until 
such  time  that  the  applicant  turns  18  years  of  age.  Whilst  the  consent  is  valid  the  parent/legal  guardian 
nominated below will be able to enquire about the status of an application. 

Kindly indicate below if you hereby grant permission to have the academic, biographical and any other 
relevant information shared with the University. 

APPLICANT CONSENT 

PARENT/LEGAL GUARDIAN CONSENT 

I hereby declare that this information is correct 

I hereby declare that this information is correct 

Full name and surname of applicant 

Full name and surname of parent/legal guardian 

Signature of applicant (Duly assisted by his/her 
parent/legal guardian, as may be required by law 

Signature of parent/legal guardian 

Date: 

Date: 

University of the Western Cape, Robert Sobukwe Road, Bellville 7535, Republic of South Africa 

 
 
 
 
 
 
 
 
 
 
IFOMU YEMVUME YESICELO sase-UWC 
ISICELO SOKUFUNDA NGO-2026

Sizibophelele  ekuqinisekiseni  ukuba  iinkcukacha  ezifunyenwe  kumaqela  angamanye  ziphathwa  ngokuyimfihlo  kwaye 
zikhusela  abantu  ngenkcukhacha  zabo  kwaye  zenziwa  zifumaneke  kwiofisi  yokwamkelwa  kuphela.  Sizibophelele 
ngakumbi  ekukhuseleni  iinkcukacha  zabantu  kunye  nokusebenzisa  ezo  nkcukacha  ngendlela  esemthethweni 
neselubala.  Iinkcukhacha  zomntu  ezifunyenwe  kwamanye  amaqela  ziyakusetyenziswa  kuphela:  ukuvavanya 
nokuqhutywa  kwe  sicelo  somenzi-sicelo;  ukuqinisekisa  iirekhodi  zezifundo  zangaphambili  okanye  ingcaciso 
ephathelele  kumaxwebhu  afunekayo;  uphicotho-zincwadi  kunye  neenjongo  zokugcina  iirekhodi;  wena  nabazali 
bakho/abagcini  bakho  kufuneka  ninike  imvume  yokuba  iDyunivesithi  isebenzise  kwaye  iqinisekise  ulwazi 
olunikileyo ngokusayina le fomu. 

Qaphela:  Umenzi-sicelo  ongaphantsi  kweminyaka  eli-18  kufuneka  abe  nale  fomu  isayinwe  ngomnye 
wabazali    bakhe.      Ukuba      ummenzi      akanabazali      (umzekelo,      baswelekile)      okanye      abazali  
baqhawule  umtshato,  umgcini  osemthethweni  udla  ngokuqeshwa  ngokusemthethweni.  Kwiimeko 
ezinjalo,  umgcini  osemthethweni  kufuneka  ayisayine  le  fomu.  Ukuba  umenzi-sicelo  akanaye  umzali 
okanye umgcini osemthethweni, ilungu lentsapho oluthatha uxanduva (isalamane) okanye omnye umntu 
omdala  ozalana  nomenzi-sicelo  angenza  isibhambathiso  kunye  nesithembiso  eso  kufuneka  sityikitye 
kunye nomenzi. Iinkcukacha zomzali/umgcini osemthethweni mazibhalwe kule fomu. 

Mna, (IGAMA LOMFAKI-SICELO) 
kunye (neNombolo YESICELO s ase-UWC),  
 ndiyaqinisekisa  ukuba 
ndenza isicelo ngokuzithandela, naziphi na iinkcukacha zam kwiDyunivesithi yeNtshona Koloni ngalo naluphi na 
uhlobo,  zibandakanya,  ngaphandle  kwemiqathango  nemvume  ethe  ngqo  yeDyunivesithi  ukuba  iqinisekise 
iinkcukacha  ezifanelekileyo  njengoko  kuyimfuneko.  Imvume  yabazali  iya  kusebenza  kuphela  de  kube  lixesha 
apho  umenzi-sicelo  agqiba 
isemthethweni  umzali/umgcini 
osemthethweni otyunjwe ngezantsi uya kuba nakho ukubuza malunga nemeko yesicelo. 

iminyaka  eli-18  ubudala.  Ngelixa 

imvume 

Nceda  ubonise  apha  ngezantsi  ukuba  unika  imvume  yokuba  kwabelwane  ngezifundo,  iinkcukacha 
ngobomi bomntu kunye nalo naluphi na olunye ulwazi olufanelekileyo neDyunivesithi. 

IMVUME YOMENZI-SICELO 

IMVUME YOMZALI/UMGCINI OSEMTHETHWEN

Ndiyabhengeza ukuba olu lwazi luchanekile/ 

Ndiyabhengeza ukuba olu lwazi luchanekile 

Igama elipheleleyo kunye nefani 
yomfaki-sicelo 

Igama elipheleleyo kunye nefani yomzali/umgc 
osemthethweni (igama lishicilelwe) 

Utyikityo lomenzi-sicelo (encediswa 
ngokufanelekileyo ngumzali/umgcini wakhe 
osemthethweni, njengoko kunokufuneka 
ngokomthetho) 

Utyikityo lomzali/umgcini osemthethweni 

Umhla: 

Umhla: 

University of the Western Cape, Robert Sobukwe Road, Bellville 7535, Republic of South Africa 

 
 
 
 
 
 
 
 
 
UWK VRYWARINGSVORM 
AANSOEK OM TE STUDEER 2026

Ons is daartoe verbind om te verseker dat inligting wat van derde partye verhaal is, vertroulik hanteer word en 

om  die  privaatheid  van  diegene  wie  se  persoonlike  inligting  aan  die  administratiewe  kantoor  bekend  is,  te 

beskerm.  Voort  is  ons  daartoe  verbind  om  alle  persoonlike  inligting  te  beskerm  en  dit  op  ‘n  wettinge  en 

deursigtige wyse te gebruik. Die persoonlike inligting wat van derde partye verkry is, sal slegs gebruik word om 

die aansoeker se aansoek te assesseer, te verwerk en om vorige akademiese rekords of informasie rakende die 

vereiste dokumentasie om toegang tot n aansoek te kry, vir oudit and rekordhoudingdoeleindes. Dit word van u 

en u ouers / voogde vereis om toestemming aan die Universiteit te gee om die inligting wat u verskaf te gebruik 

en te bevestig, deur hierdie vorm te onderteken. 

L.W.: Aansoekers onder die ouderdom van 18 moet hierdie vorm deur enige van sy  ouers laat teken. In 
die geval dat die aansoeker geen ouers het nie, (bv. hulle is oorlede) of die ouers is geskei, word n wettige 

voog normaalweg amptelik aangestel. In sulke gevalle moet die wettige voog die vorm teken. Indien die 

aansoeker  nie  ‘n  ouer  of  ‘n  wettige  voog  het  nie,  moet  ‘n  verantwoordelike  volwassene,  familielid 

(naasbestaande) of n verantwoordelike  volwassene wat bereid is om die verklaring en die onderneming  

te  doen,  die  vorm  saam  met  die  aansoeker  onderteken.  Die  besonderhede  van  die  ouer  /  wettige  voog 

moet op hierdie vorm gelys word. 

Ek, (Volle naam van aansoeker) 

en (UWK AANSOEKNOMMER) 

bevestig  hiermee  dat  die  vrywillige 

indiening  van  enige  persoonlike  inligting  aan  die  Universiteit  van  Wes-Kaapland  in  enige  vorm,  behels 

onvoorwaardelike en  spesifieke toestemming vir die  Universiteit om die relevante data te verifieer soos vereis. 

Die  ouerlike  toestemming  sal  slegs  geldig  wees  tot  tyd  en  wyl  die  aansoeker  18  jaar  oud  word.  Terwyl  die 

toestemming  geldig  is,  sal  die  ouer/wettige  voog  wat  hieronder  genomineer  is,  in  staat  wees  om  navraag  te 

doen oor die status van die aansoek. 

Dui  asseblief  hieronder  aan  of  u  hiermee  toestemming  verleen  om  akademiese,  biografiese  en  enige  ander  inligting 
met die Universiteit te laat deel. 

TOESTEMING VAN DIE AANSOEKER 

TOESTEMING VAN OUER/WETTIGE VOOG 

Ek verklaar hiermee dat hierdie inligting korrek is 

Ek verklaar hiermee dat hierdie inligting korrek is 

Volle naam en van van aansoeker 

Volle naam en van van ouer/wettige voog 

Handtekening van aansoeker (Behoorlik bygestaa 
deur sy/haar ouer/wettige voog, soos deur die 
wet vereis word.) 

Handtekening van ouer/wettige voog 

Datum: 

Datum: 

University of the Western Cape, Robert Sobukwe Road, Bellville 7535, Republic of South Africa 

 
"
POPIA-FAQs-final-for-Publish-V1.pdf,"POPIA quick reference: 
•        POPIA took effect on July 1, 2020. 
•        POPIA enforcement is scheduled to begin July 1, 2021. 
•        POPIA applies to any company or organization processing personal information in South Africa, who is 

domiciled in the country, or not domiciled but making use of automated or non-automated means of processing 
in the country. 

•        Fines for non-compliance with POPIA can range up to 10 million ZAR (South African Rand). 

•        Transfers of personal information outside of South Africa is prohibited by POPIA (with exceptions). 

•        POPIA creates nine actionable rights for South African citizens (data subjects), including but not limited to the 

right to access, right to correction and right to deletion. 

•        POPIA also creates eight conditions for lawful data processing, in which the consent of the data subject is 

central. It is up to websites, companies and organizations (“responsible parties”) to prove that their processing is 
lawful, e.g. that correct consents have been obtained from users. 

•        POPIA defines consent as any voluntary, specific and informed expression of will. 

•        POPIA defines processing as collection, receipt, recording, organization, storage, merging, linking, and more. 

•        POPIA defines personal information broadly as any information relating to not only a living person, but also a 

company or legal entity. 

•        POPIA allows companies and organizations to process data if it is deemed in the user’s “legitimate interest”, 

creating a point of ambiguity for possible abuse and enforcement difficulties. 

PROTECTION OF PERSONAL INFORMATION  
General Information and FAQs 

Brief Overview 

What is the purpose of the POPIA? 
POPIA aims to give effect to the constitutional right to privacy, whilst balancing this right against competing rights 
and interests, particularly the right of access to information. The purpose of POPIA is to regulate the processing 
of personal information in a secure and responsible manner. The spirit of the Act is to ensure that organisations 
that hold and process personal information do so carefully and with respect for the rights and interests of the 
people to whom it pertains. 

When does POPIA apply? 
POPIA applies when the personal information is entered into a record by automated or non-automated means 
by the University and forms part of or is intended to form part of a filing system. 

What is meant by the ‘processing of data’? 
The University processes personal information of data subjects. 
Processing is defined to include: 

(i) 

(ii)  

(iii)  

the  collection,  receipt,  recording,  organisation,  collation,  storage,  updating  or  modiﬁcation, 
retrieval, alteration, consultation or use; 
dissemination by means of transmission, distribution or making available in any other 
form; or  
merging, linking, as well as restriction, degradation, erasure or destruction of information. 

Who are included as the University’s data subjects? 
The University processes personal information of, amongst others, the following data subjects, categorized 
in accordance with data subjects: 

1 

 
 
 
 
 
  
 
 
 
 
 
 
Students  
• 
• 
• 
• 
• 
• 

Staff  
• 
• 
• 

Research 
• 
• 
• 
• 
• 

Third party  
• 
• 
• 
• 
• 
• 
• 
• 
• 

prospective students 
student applicants 
South African and international students 
exchange students 
post-doctoral fellows 
alumni 

academic and administrative staff 
employment candidates 
employees 

researchers 
external members of committees 
research participants 
external examiners 
funders 

authors 
council members 
external committee members 
service providers, suppliers, independent contractors 
partner organisations 
subsidiaries 
donors and funders 
visitors 
members of the public 

What personal information may be processed by the University? 

Student Data 
• 
• 
• 
• 
• 
• 
• 
• 
• 
• 
• 

Biographical information 
Unique identification information 
Medical records 
Mental health records 
Disability information 
Next of kin information, biography and contact information 
Academic records 
Disciplinary records 
Personal login details 
Video recordings and facial recognition 
Financial statements, bank statements and invoices 

Staff Data  
 
• 
• 
• 
• 
• 
• 

• 
• 
• 
• 
• 
• 
• 
• 
• 

Biographical information 
Unique identification information 
Medical records 
Mental health records 
Disability information 
Next of kin information, biography and contact information 
Biographical  information  of  spouse,  children  and/beneficiaries  of  pension/provident  fund 
and/or life insurance 
Academic records 
Disciplinary records 
Personal login details 
Video recordings and facial recognition 
Financial statements, bank statements and invoices 
Salary records 
SARS information 
Marriage status and certificate 
Criminal or criminal clearance records 

2 

 
 
 
 
 
 
 
 
 
Third Party Data  

• 
• 
• 
• 
• 
• 
• 
• 
• 
• 
• 

Biographical information 
Company or organisation information 
Company or organisation registration information 
Director(s), members or partners’ identity documents (Unique identification information) 
Proof of address 
BBBEE status 
Disability information 
Marital status, if relevant, next of kin information, biography and contact information 
Income, financial statements, bank statements and invoices 
SARS, including VAT registration information 
Criminal or criminal clearance records 

For what purpose may personal information be processed? 
Personal information may be processed by the University to: 

•  Conclude  a  contract  or  to perform  in  terms  of- a  contract.  For  example,  student applications  and 

employment contracts; 

•  comply with an obligation imposed by law; 
•  protect a legitimate interest of the data subject; 
•  ensure proper performance of a public law duty of the University; 
•  ensure the legitimate interest of the responsible party or of a third party. 

With whom will the University potentially share personal information?  
Recipients of personal information processed by the University may include: 

funders; 
researchers; 

•  other universities; 
• 
• 
•  government departments; 
•  once-off requests for access to single records; 
• 

third parties (e.g. service providers). 

FREQUENTLY ASKED QUESTIONS 

is  the  purpose  of  the 

What 
POPIA? 

apply 

POPIA 

Does 
retrospectively? 
What  plans  does  the  University 
have  in  place  to  inform  staff 
about POPIA on a regular basis? 
What  is  classified  as  personal 
information in terms of POPIA? 

The purpose is to regulate the processing of Personal 
Information.  It  is  aimed  to  encourage  the  flow  of 
information in a secure and responsible manner. The 
spirit  of  the  Act  is  to  ensure  that  organisations  that 
hold and process personal information do so carefully 
and  with  respect  for  the  rights  and  interests  of  the 
people to whom it pertains. 
No,  it  does  not.  POPIA  came  into  effect  on  1  July 
2021. 
Staff and students need to refer to the inter- and intra-
net for any information as it is regularly updated 

‘Personal information’ means information relating 
to an identiﬁable, living, natural person, and where it 
is applicable, an identiﬁable, existing juristic person, 
including, but not limited to – 
(a) information relating to the race, gender, sex, 
pregnancy, marital status, national, ethnic or social 

3 

 
 
 
 
 
 
 
origin, colour, sexual orientation, age, physical or 
mental health, well-being, disability, religion, 
conscience, belief, culture, language and birth of the 
person; 
(b) information relating to the education or the 
medical, ﬁnancial, criminal or employment history of 
the person; 
(c) any identifying number, symbol, email address, 
physical address, telephone number, location 
information, online identiﬁer or other particular 
assignment to the person; 
(d) the biometric information of the person; 
(e) the personal opinions, views or preferences of the 
person; 
(f) correspondence sent by the person that is 
implicitly or explicitly of a private or conﬁdential 
nature or further correspondence that would reveal 
the contents of the original correspondence; 
(g) the views or opinions of another individual about 
the person; and 
(h) the name of the person if it appears with other 
personal information relating to the person or if the 
disclosure of the name itself would reveal 
information   about the person. 
‘Special personal information’ means 
(a) the religious or philosophical beliefs, race or 
ethnic origin, trade union membership, political 
persuasion, health or sex life or biometric 
information of a data subject; or 
(b) the criminal behaviour of a data subject to the 
extent that such information relates to – 
(i) the alleged commission by a data subject of any 
offence; or 
(ii) any proceedings in respect of any offence 
allegedly committed by a data subject or the disposal 
of such proceedings. 
Everyone is required to comply with POPIA. 

You have the right to: 
(i) confirmation (free of charge) of whether the 
institution has their personal information; 
(ii) request a record or a description of the personal 
information the institution has; and 
(iii) know the identity of all third parties, or 

4 

to  comply  with 

Who  needs 
POPIA? 
What are my rights in respect of 
my personal information? 

 
Is  personal  information  shared 
with third parties? If so, for what 
reason and in what format? 

I 

I 

cannot 

contact 

May 
personal 
share 
information  of  a  student  with  a 
parent or guardian if they claim 
they 
their 
child/ward? 
May 
personal 
share 
information  with  police  officers, 
detectives  or  other  government 
agencies? 
Are  there  any  instances  where 
my personal information may be 
explicit 
shared  without  my 
consent? 

What  are  the  consequences  for 
non-compliance? 

categories of third parties who have, or have had, 
access to the personal information. 
You will be given access to their data, subject to the 
request for information process as set out in the 
Manual for Access to a Record of the University of 
the Western Cape in terms of the Promotion of 
Access to Information Act, no 2 of 2000 
Yes,  personal  information  may  be  processed  to 
conclude or perform in terms of a contract; to comply 
with  obligations  imposed  by  law;  to  protect  a 
legitimate  interest  of  a  person  (such  as  health  and 
safety of a person); to ensure proper performance of a 
public  law  duty  by  a  public  body,  such  as  the 
Department of Higher Education and Training; and to 
ensure  the  legitimate  interest  of  the  University  or  a 
third party to whom it is supplied. The format in which 
the information is shared will depend on the request. 
Each request must be assessed on a case-by-case basis 
to  determine  the  reason  for  the  request.  The  request 
must  be  referred  to  the  Deputy  Registrar:  AA  for 
consideration. 

No,  all  requests  for  personal  information  must  be 
referred to the Registrar's Office. 

Yes,  personal  information  may  be  processed  to 
conclude or perform in terms of a contract;  to comply 
with  obligations  imposed  by  law;  to  protect  a 
legitimate  interest  of  a  person  (such  as  health  and 
safety of a person); to ensure proper performance of a 
public  law  duty  by  a  public  body,  such  as  the 
Department of Higher Education and Training; and to 
ensure  the  legitimate  interest  of  the  University  or  a 
third party to whom it is supplied. 
Failure to comply to this act can lead to a variety of 
implications  –  these  include:   A complaint lodged 
with  the  Information  Regulator;  A  civil  claim 
for payment of  any damages; Criminal prosecution – 
if convicted there could be a fine of up to R10 million 
or  a  prison  sentence  of  up  to  ten  years,  or  even 
both. The  University  may  also  hold  the  individual 
accountable through disciplinary procedures and/or a 
civil claim. 

5 

 
Is  there  personal  liability  for 
non-compliance of POPIA? 

Yes, the non-compliance will be assessed on a case to 
case basis. 

Whom should I contact if there’s 
been a data breach? 

How  would  I  know  if  I  have 
breached  the  POPIA  OR  PAIA 
Act? 
What  measures  are  in  place  to 
confidential 
ensure 
information is stored in a secure 
manner? 

that 

Is  any 
regarding 
counselling services?  

information 
the 

shared 
wellness 

information  about  my 

Can 
medical condition be shared?  

How  does  POPIA 
employers? 

impact 

An email must be sent to popia@uwc.ac.za 

You  will  be  contacted  by  the  Deputy  Information 
Officers. 

The University takes  reasonable  steps to  ensure  that 
confidential information is stored securely, including 
secure  IT  systems  for  the  storage  of  information 
electronically and the storage of physical documents 
in  vaults  and  secured  premises.  The  University's 
Information Security Policy may be consulted.  
No,  only  statistical  data  would  be  shared  due  to  the 
service.  Personal 
confidential  nature  of 
information  may  only  be  shared  with  the  express 
consent  of  the  person  receiving  the  services  or  to 
protect the legitimate interest of the person.  
No,  consent  is  required.  Information  will  only  be 
shared in accordance with the consent granted. 

the 

in 

regulates 

technical,  but 

terms  are  quite 

the  processing  of  personal 
POPIA 
information  of  data  subjects  by  responsible  parties. 
These 
the 
employment  context,  essentially  what  this  means  is 
that anything that an employer can do with personal 
information  that  belongs  to  an  employee  (be  it 
collecting  information,  storing  or  disseminating  that 
information) – that must be done in accordance with 
the Act. 
That information can be anything that can be linked 
back  to  an  employee  and  contained  in  a  record,  for 
example, 
their 
disciplinary  records,  medical  information  etc.  It 
would also extend to information about applicants for 
employment,  when  the  employer  asks  for  a  copy  of 
the applicant’s CV, for example, or makes enquiries 
about their previous employment history. 
The Act sets out a number of conditions that must be 
met in order for information to be processed lawfully. 
For example, the Act says that they need to ensure that 
employees are aware of the personal information that 
the employer holds, what that information is used for, 

employees’ 

personal 

details, 

6 

 
  
  
  
require 

Does the  Act 
an 
employer  to  get  an  employee’s 
consent  to  process  all  of  their 
personal information? 

How should we get consent? 

How 
long 
Information retained? 

is 

Personal 

What  is  the  difference  between 
POPIA and PAIA? 

and  that  there  are  appropriate  security  measures  in 
place  to  prevent  loss  or  unauthorised  access  to  the 
information.  
Because 
the  personal 
all 
information  of  their  employees,  the  Act  applies  to 
every employer in the country, no matter the size. 

employers 

collect 

require 

to  pay 

information 

that  would 

No, not necessarily.  Consent is one of the justifiable 
grounds  upon  which  an  employer  can  process 
personal information, but this is not the only ground. 
Processing banking information of an employee,  for 
example,  is  necessary  for  complying  with  the 
employer’s  contractual  obligation 
the 
employee’s salary, and for this the employer does not 
require  consent.  Having  said  this,  there  are  certain 
types  of 
the 
employee’s consent to processing, such as trade union 
membership. 
A person must have a choice whether to consent or not 
(it must be voluntary) 
The consent must relate to a specific purpose and you 
must specify your purpose. 
You must notify the data subject of various things as 
set out in section 18 of the POPIA.  
You  must  inform  the  person  sufficiently  to  enable 
them to make a decision. 
The person must express their will in some form.  
The  Records  Retention  Policy  will  define  how  long 
confidential 
personal 
information  for  all  data  subjects  is  retained.  The 
general rule is that personal information must only be 
stored for as long as it is required to fulfil the intended 
purpose  for  which  the  information  was  collected  or 
processed.  Other  legislative  requirements  may  also 
impact on the period of retention. 
POPIA  gives  effect  to  the  right  to  privacy.  POPIA 
regulates  the  processing,  collection,  storage  and 
disclosure of confidential information with justifiable 
limitations. 

information 

other 

and 

PAIA  gives effect to the constitutional right of access 
to  –  any  information  held  by  the  State  and  any 
information that is held by another person and that is 
required for the  exercise or protection of any  rights, 

7 

 
  
  
  
  
 
What  is  the  difference  between 
POPIA and GDPR? 

How long will HR keep your staff 
information after termination? 

How  long  will  HR  keep  your 
information after application? 

subject to justifiable limitations. 

POPIA  is  the  South  African  laws  that  governs 
information  protection;  whereas  the  GDPR  is  the 
European  Union's  laws  for  information  protection. 
They  are  very  similar  and  the  same  in  many  ways, 
such as both set out the law for processing and storage 
of personal information but they also have some with 
some  key  differences.  A  helpful  resource  on  the 
at 
similarities 
https://www.michalsons.com/blog/gdpr-mean-popi-
act/19959  
As per the per the Tax Administration Act 28 of 2011 
as  amended,  section  29,  sub-section  3  a  &  b, 
(https://www.sars.gov.za/legal-counsel/tax-
administration/)  HR  will  retain  staff  records  for  at 
least 5 years from date of termination 

and  differences 

available 

is 

HR  will  insert  a  section  on  the  HR  Smart  job 
application system asking applicants if we may keep 
their  information,  if  consent  is  given,  the  applicant 
profile  information  will  be  retained  indefinitely.  If 
not, it will be deleted immediately after the conclusion 
of the recruitment process. 

8 

 
 
 
 
 
 
 
 
 
 
 
 
"
SEMU-8-Panel-Print-Admissions-2025-241113-11.pdf,"General Admissions Criteria
for 2026

#

A place of quality, a place to grow,
from hope to action through knowledge

www.uwc.ac.za

2026

OTHER IMPORTANT INFO

APPLICATION OPEN 2 APRIL 2025

Programme application closing dates
30 September 2025 for all.

UWC Tuition Fees for 2025
(Subject to change for 2026: +-5% increase p/a)

BA, BLIS, BTh, B Com, BEd and LLB
+/-R39 263.00 - R54 646.00 p/a
BA(S/W), BSc (Phys), BSc (Occ. Ther), B Nurs, etc
+/-R39 263.00 - R54 646.00 p/a
BSc and BPharm
R42 843.00 - R47 428.00 p/a
Geology II or III
R43 130.00 p/a
BDS (Dentistry)
R70 842.00 p/a
Bachelor of Oral Health
R45 573.00 p/a

For more information about:
•

Bursaries or financial aid contact
us at:
Financial Aid Ofce on

(021) 959 9753 / 2737
naid@uwc.ac.za

•

Residence fees contact us at:
Residential Services on
(021) 959 2569
resservices1@uwc.ac.za

Online applications 
available on www.uwc.ac.za

For more information about applications
email us at admissions@uwc.ac.za or call us on
(021) 959 3900/1/2, or visit us at www.uwc.ac.za

#

A place of quality, a place to grow,
from hope to action through knowledge

www.uwc.ac.za

2026

SATURDAY,
10 MAY 2025
09H00 TO 15H00

Connect with us on:

recruitment@uwc.ac.za

grade12applications.uwc.ac.za

@FutureUwc

@UWCFutureStudents

@uwc_future_students

University of the Western Cape

@uwconline

021 959 2405

*unless otherwise stated*

LANGUAGE REQUIREMENTS FOR ALL
PROGRAMMES 3 YEARS

English Code 4 (home OR rst additional language)
Another language Code 3 (home OR rst
additional language) 

*unless otherwise stated*

*unless otherwise stated*

*unless otherwise stated*

*unless otherwise stated*

Bachelor of Library and Information Studies

Maths Code 4
Physical Sciences AND Life Sciences Code 4

Maths Code 3 OR Maths Literacy Code 4
Life Sciences Code 4

Maths Code 4 AND Accounting Code 5 
(not required if an applicant has 
Mathematics Code 5) 

Programmes - 4 Year Stream

BCom 4 years

BSc Mathematics & Statistical Sciences

Main Campus 021 959 1794

Bellville CBD Campus

021 959 2852

"
UWC-IOP-Full-rev3.pdf,"Institutional 
Operating Plan

2021 - 2025

2

IOP 2021 - 20253

Connecting PossibilitiesTable of ContentsUWC Mission Statement 4UWC Vision 2035 5UWC Values Statement 6Preface 9Goal Area 1: The Student Experience 18Goal Area 2: Learning and Teaching 26Goal Area 3: Research and Innovation 34Goal Area 4: People Framework 44Goal Area 5: Financial Sustainability 52Goal Area 6: UWC in the Public Domain 60Goal Area 7: Developing the Campus and Surrounding Areas 64Goal Area 8: Leadership, Governance and Management 76Annexure: Annual Performance Plan Indicators 82UWC Mission 
Statement 

UWC is a research-led university responsive to the needs of a changing world through 

excellence in learning, teaching and research, and the generation and application of new 

knowledge.

Firmly anchored in its local and sub-regional context and inspired by its distinctive 

academic role in building a more equitable and dynamic society, the University continues to 

empower its students, staff and partners to advance its mission of serving the greater public 

good and searching for humane and sustainable solutions to the challenges of our time. This  

is pursued through high academic standards, intellectual rigour and productive partnerships 

and networks beyond the confines of disciplinary and geographic boundaries.

4

IOP 2021 - 2025UWC 
Vision 
2035

By 2035, the University of the Western Cape (UWC)

will be widely recognised as a leading research-led 

university, most notably for the nexus between its 

undergraduate and postgraduate degree 

programmes and its research endeavour, its 

substantial place in key areas in the knowledge 

ecosystem, its keen focus on the public good  

and transforming lives, and its productive 

relationships and effective partnerships with 

universities and key agencies in Africa and beyond.

5

Connecting PossibilitiesUWC Values Statement

The University’s Mission is underpinned  

differentiating niche areas of excellence  

professional behaviour, within a collegial 

by the following five enduring values and 

that are  consistent with our Mission, while 

institutional climate that is open to challenge 

associated behaviours to guide our actions 

maintaining high standards overall.

and constructive contestation and holds the 

and decisions, and our interactions with  

the world, and to serve as a compass  

against which to view our work:

2. ENGAGEMENT AND RESPONSIVENESS

We cultivate a socially responsive, people-

centred approach through education, 

1. ACADEMIC EXCELLENCE

research and critical engagement on 

We respect and strive for excellence in 

important matters.

teaching and learning, and research  

Accordingly, we commit to the pursuit 

and innovation as we strive to be widely 

of knowledge that is responsive to societal 

recognised as a leading research-led 

and disciplinary contexts. We encourage 

university. 

independent thought and critical engagement 

To this end, we seek to bring learning, 

as a means to help transform lives and to 

teaching, research and innovation into an 

work for a more equitable, inclusive and just 

appropriate balance with each other. We 

society. We shall continue our work with 

recognise the importance of academic 

communities, while instilling in our students  

freedom and encourage a reflective culture 

a culture of engagement and drawing 

among all members of the University 

strategically from partnerships, alliances  

best interest of the University at heart. 

Accordingly, we are accountable for 

our actions and decisions and shall engender 

trust within and between our communities 

through values-based leadership. We commit 

to credible, ethical and trustworthy conduct 

and the fair treatment of others, and shall 

practise openness and transparency while 

honouring confidential and private 

information. We have a long-standing 

commitment to environmental sustainability 

and stewardship of our campus resources. 

We also uphold the high standards of 

intellectual inquiry, academic freedom  

and quality service provision.

community, rooted in taking responsibility  

and international opportunities that  

4. COLLEGIALITY AND COLLABORATION 

for excellence. More formally, we challenge 

address challenging issues of local and 

We place a high premium on collegiality, 

mediocrity, critically review and assess  

global concern. Consequently, academic 

collaboration, accountability and shared 

what we have done, apply appropriate 

excellence cannot be delineated from 

responsibility. 

benchmarks, and use the results to bring 

relevance and impact.

Accordingly, we work with each  

about the necessary improvements that  

will make us more efficient and effective.  

We aim to be leaders in both distinct and 

3. INTEGRITY AND ACCOUNTABILITY

We expect high standards of ethical and 

other across departmental and disciplinary 

boundaries to foster partnerships between 

groups (whether internal or external). We 

6

IOP 2021 - 2025shall work to make it easy for students  

and staff to connect, communicate and 

collaborate meaningfully and to achieve 

what is best for the broader University,  

as well as for individual teams.

5. INCLUSIVITY AND DIVERSITY 

The University is committed to equity, 

diversity, inclusivity and fairness, and  

seeks to nurture and build on our  

diverse cultural heritage. 

Accordingly, we commit to the 

creation of a welcoming, inclusive and  

diverse community, accentuated by a  

caring, productive and respectful  

culture. We shall continue to advance  

the imperatives of access and commit  

to creating an atmosphere of trust, 

tolerance of opinion as well as mutual 

support in a community characterised  

by a rich diversity of people and ideas.  

We remain committed to the protection  

of the rights and dignity of individuals  

and therefore shall not tolerate any  

forms of discrimination, including that 

based on race, sexual orientation, religion  

or xenophobia.

image of a 
building? 
maybe main 
hall?

7

Connecting Possibilities8

IOP 2021 - 2025A university  led by research, with a nexus between degree and research programmes  and a keen focus on transforming livesPreface

This Institutional Operating Plan (IOP) puts forward an 

overarching aspiration for UWC “to be widely recognised  

as a research-led university, most notably for the nexus 

between its degree and research programmes, its substantial 

place in key areas in the knowledge economy, its keen focus  

on transforming lives and its productive relationships and 

effective partnerships with universities and key agencies in 

Africa and beyond”. 

This aspiration, articulated in the University’s Vision for 2035, 

reflects UWC’s progress and successes over the past years, 

as well as its commitment to use and apply its intellectual 

vibrancy and academic capacity to serve the public good  

and advance social justice, inclusiveness, diversity and 

sustainability. 

The University’s celebration of its 60th anniversary in 2020 

highlighted many accomplishments, which position it well in 

the South African higher education landscape. But it is also 

acutely aware that it cannot rest on its laurels. What worked 

well in the past may not be as effective as embracing emerging 

opportunities and navigating the challenges that lie ahead. 

UWC therefore has to remain vigilant in its responses to 

challenges and opportunities. 

The general strategy proposed here for achieving this vision  
is captured by two words: Connecting Possibilities. 

9

Connecting Possibilities(i) 

 Connecting is relational and is closely linked to the University’s 

• 

 seeks to capture our collective imagination and galvanise the 

commitment to socially responsive or engaged teaching, and 

UWC community around a shared sense of purpose, values  

learning and research. It suggests a greater connectedness 

and ideals;

with the environment within which it is anchored. It speaks to 

UWC’s ability to connect through partnerships and networks 

nationally and internationally. It also signals the need for 

greater connectivity among the different constituents and to 

• 

• 

 allows the University to set priorities and consider worthwhile 

trade-offs towards goal attainment; and

feeds into (statutory) national planning processes. 

connect them through sustainable ecosystems. It also aims to 

The IOP is not an end in itself, but a means to an end and a lever for 

make boundaries permeable so that its students and staff can 

change. The IOP seeks to foster coherence, alignment and unity of 

easily cross structural and disciplinary boundaries. Focusing 

purpose, while leaving enough flexibility for faculties and divisions to 

on connecting digitally highlights the intention to set the 

pursue excellence and creativity in ways that are important to them.

institution on a digital transformation journey as part of 

Why change? Internally, change is triggered by ongoing 

repositioning itself as a modern university. 

analyses and dissonance between the “ideal” intent and current 

(ii) 

 Possibilities allow us to think creatively and imaginatively 

realities. We have identified some interrelated drivers for change:

about possible futures for UWC. This seeks to facilitate an 

• 

 As a caring university community, there is a general feeling  

openness to entertain different ideas about the University’s 

that much more can be done to help students succeed 

role and core purpose, and its strategies and priorities to 

academically and acquire the requisite attributes and values  

articulate what “could” be UWC’s evolving role over the next 

to thrive as global citizens in the 21st-century knowledge 

five to 15 years. The intention is to embrace the uncertainty 

economy. 

and ambiguity of the environment, reimagine and seize the 

• 

 There is a sense that we often attempt to be “all things to all 

opportunity to be open-minded, welcome the chance for 

people” and fail to seize opportunities to differentiate ourselves 

engagement, and anticipate UWC’s Connecting Possibilities.

through indecision and a failure to set distinct priorities. 

• 

 The adage that “bureaucracy is the death of any achievement” 

WHY DEVELOP AN INSTITUTIONAL OPERATING PLAN?

speaks to an inflexible, siloed organisational culture in which 

The IOP is a living document that builds on the previous plan (IOP 

effort, often not supported by appropriate modern technologies, 

2016-2020) and will change over time. The specific impetus for the 

is fragmented and the energy of academics and researchers is 

strategic rethinking and crafting of a new IOP comes from both 

diverted from their core functions in order to compensate for 

internal and external conditions that create opportunities to 

ineffective processes. Improved systems and policy congruence 

differentiate and move the University into the next decade with 

are needed for faster decision-making and improved 

confidence. As such, this document serves multiple purposes, as it: 

responsiveness. 

• 

 provides a guiding framework for critical reflection on UWC’s 

• 

 The need to achieve increased financial sustainability over a 

current and future position and its desired role in the higher 

planned period. 

education landscape; 

• 

 serves as a platform to bring together diverse groups of 

EXTERNAL DRIVERS OF CHANGE 

people to share thoughts and identify significant opportunities 

“Inequality in South Africa has long been recognised as one of the 

and challenges that will have the greatest influence on the 

most salient features of our society. South Africa is consistently 

University’s future;

ranked as one of the most unequal countries in the world, an 

10

IOP 2021 - 2025introduction of fee-free higher education for the “poorest of the 

poor”, has resulted in increased budgets for universities from the 

national fiscus but most of the new money was directed to support 

student financial aid. Real growth in the government subsidy for 

universities is unlikely in the next five years and a weak currency 

will add pressure, especially on library, ICT and research equipment 

acquisitions. In addition, the budgets of the national science councils 

have already been cut significantly, directly affecting national funds 

available to support research and postgraduate bursaries.

Globally, the effects of climate change contribute to more 

frequent and severe environmental disasters, affecting every aspect  

of people’s lives. According to the Union of Concerned Scientists, 

“climate change is one of the most urgent issues facing humanity 

today”. The Union further stresses that the “world’s most vulnerable 

people — with the fewest resources and options — will suffer the 

most”.

This IOP is very aware of the fact that no public university 

can plan for its future without taking into account the enormous 

empirical fact that has its roots in the history of colonisation and 

challenges that confront society. Universities have an important  

apartheid. In addition to being extremely high, South African 

role to play in finding solutions and helping to improve lives and 

inequality appears to be remarkably persistent. Despite many 

livelihoods. Along with other knowledge institutions and partners, 

efforts by government to reduce inequality since our democratic 

universities are well placed to harness scientific, technological and 

transition in 1994, progress has been limited.”1

other advances for the public good and to provide a critical appraisal 

According to the latest available data, South Africa reported  

 of concepts such as the Fourth Industrial Revolution (4IR).

a Gini coefficient of 0,65 (in 2015), one of the highest worldwide. 

Patterns relating to income distribution, employment and access  

THE PROCESS OF DEVELOPING THE IOP

to resources remain stubbornly skewed by race and gender. The 

Planning is an iterative process. Thinking behind the planning effort 

COVID-19 pandemic has further ravaged the South African economy, 

was organised around four key questions:

which was already in deep crisis following years of corruption that  

Who we are as an institution? 

has bled the fiscus, wrecked key public entities and hobbled service 

Where do we wish to go? 

delivery. There are predictions of unprecedented decline in the  

How do we get there? 

GDP, mirroring the global economic downturn. South Africa’s 

How will we know if we are making progress? 

unemployment rate is in the order of 30% and disproportionately 

The development of the IOP is the product of substantial 

affects young people struggling to enter the labour market. Public 

work and the convergence of several overlapping national and 

budgets, including those of the University and research system,  

institutional planning processes. This implies that the formal process  

are under considerable strain and likely to be for the foreseeable 

is not the “be-all and end-all” of planning but that planning is a 

future. The 2015-16 Fees Must Fall protests, and the subsequent 

dynamic process in which different mandates are derived from 

1. Inequality trends in South Africa, Statistics South Africa, Report No 03-10-19

11

Connecting Possibilitiesongoing interaction with several regulatory bodies and funding 

The 11 task teams, each chaired by a senior UWC academic, 

agencies, including national departments. 

brought together different institutional roleplayers with varied 

The formal IOP process solicited diverging and converging 

interests whose deliberations resulted in Phase 1 and Phase 2 task 

input through a combination of processes: task teams; electronic 

team reports that have been used as part of the input to inform the 

surveys and questionnaires; analyses and independent reports on 

compilation of this document. It is important to note that the task 

UWC’s relative performance; expert advice; consultative webinars; 

team process commenced just before the onset of the COVID-19 

position papers; a multimedia student competition; all-leader 

pandemic in South Africa, and they had to perform their work under 

workshops with heads of departments and directors of units; and 

conditions of lockdown. Conducting strategic planning in times of 

active engagement with senior management and the University 

crisis always poses the risk of short-term thinking and a tendency  

Council. Extending over 15 months, the process yielded valuable 

to wait for the storm to pass before tackling long-term challenges. 

feedback from multiple constituents and input from executives and 

Fortunately, under the able guidance of the chairpersons, the task 

deans. A total of 11 task teams were established, broadly premised  

teams were able to stay focused and look beyond immediate concerns 

on the three core goal areas and five enabling goal areas of the 

to consider UWC’s future over the medium to longer term. We are 

previous IOP. Three of these goal areas were split into different  

greatly indebted to all task team members for their commitment  

task teams for more in-depth emphasis on matters of significance  

to the process and the University. The work and reports of the  

to the University. 

task teams have contributed significantly to shaping a Discussion 

Document that solicited inputs from different stakeholders and 

Thematically, the task teams focused on: 

helped to inform the IOP. Despite the constraints of the lockdown, 

1. 

2. 

3. 

4. 

5. 

6. 

7. 

8. 

9. 

10. 

11. 

The student experience; 

student input was solicited through a survey and a multimedia 

Enrolment of undergraduates and postgraduates; 

student competition.

Learning and teaching; 

Research intensiveness; 

MISSION, VISION AND VALUES AS ENDURING COMMITMENTS

Establishing a culture of innovation; 

The IOP process also provided the opportunity to revisit UWC’s 

UWC’s people framework; 

Financial sustainability; 

UWC in the public domain; 

Infrastructure development; 

Information technology; and 

Mission, Vision and core values, and these form part of this IOP. 

Although mission statements are enduring, they are not cast in 

stone, and a restatement of purpose may be required as an 

institution evolves. The first critical moment of redefining UWC’s 

mission occurred in the build-up to its attainment of autonomous 

Leadership, management and governance. 

university status in the early 1980s. In 1982, the University adopted 

 a new Mission Statement (“UWC Objectives”), in which it rejected  

For the purpose of uniformity, the task teams were requested  

the apartheid ideology on which it was founded with a formal 

to assess the current IOP and the emerging environment, and 

declaration of non-racialism and “a firm commitment to the 

propose a set of recommendations that maintain and strengthen 

development of the Third World communities in South Africa”.  

approximately 70% of what worked well in the 2016-2020 IOP; set 

As a result, UWC became the first residential South African 

aside about 15% to build momentum and nurture emerging areas  

university, in defiance of the apartheid state, to “open” its doors  

and capabilities; and provide at least 15% scope to explore viable 

to all who qualified and paved the way to later declaring itself  

options for future growth. 

the intellectual home of the democratic left.

12

IOP 2021 - 2025The second moment of redefinition of purpose was 

necessitated at the advent of democracy to align UWC’s role with  

the broad post-1994 goals and aspirations of the new democratic  

order in South Africa. Following the promulgation of the Higher 

Education Act, No. 101 of 1997, the University adopted a new Mission 

Statement in the same year. The 1997 Mission Statement was thus 

amended slightly in the 2010 IOP. 

Although the previous mission statement served the 

University well over the past two and a half decades, there was 

consensus that it required updating to more adequately represent 

UWC’s current purpose, sense of identity, strategic direction and 

renewed self-confidence, without seemingly articulating UWC’s 

sense of future through a “gaze into the rear mirror”. 

GOAL AREAS 

The IOP develops a number of specific goals (ends) and objectives and 

actions (the means) to enhance the University’s strategic position in 

eight goal areas: 

• 

 Goal Area 1: The Student Experience  

To facilitate a meaningful and stimulating university experience 

for students, from initial registration to graduation, by building 

co-curricular opportunities, responsive support services and 

institutional cultures that allow for growth and development, 

and that lay the foundation for lifelong learning; and efficient 

and effective enrolment management geared towards enhancing 

the University’s overall mission and long-term ambitions.

• 

 Goal Area 2: Learning and Teaching  

To provide high-quality, evidence-based learning and teaching 

opportunities that are underpinned by responsive curricula 

and a diversity of learning, teaching and assessment approaches 

in order to nurture graduates who have the knowledge, skills and 

attributes to succeed in the world of work; are lifelong learners; 

and are socially aware, ethical and caring global citizens.

• 

 Goal Area 3: Research and Innovation  

To strengthen UWC’s position as a research-led university, 

contributing to the transformation of society through its 

knowledge-production endeavours and recognised for its 

13

Connecting Possibilitiesgeneral research capabilities and research strengths in 

selected areas.

• 

 Goal Area 4: People Framework  

To continue to position UWC as an employer of choice through  

a dynamic and supportive work environment and a resilient 

culture that embraces diversity, inclusivity and excellence.

• 

 Goal Area 5: Financial Sustainability  

To strengthen UWC’s financial base through efforts to optimise 

state subsidy potential, and to embark actively on initiatives 

to diversify and secure new income streams to effectively 

support UWC’s academic mandate, its broader aspirations and 

strategic priorities, whilst continuing to build reserves for 

strategic utilisation and supporting UWC’s ongoing financial 

sustainability. 

• 

 Goal Area 6: UWC in the Public Domain  

To optimise the range of media platforms and publications that 

position UWC as a vibrant, intellectually stimulating, research-led 

university where students and staff can realise their aspirations.

• 

 Goal Area 7: Developing the Campus and its  

Surroundings Areas  

To develop UWC’s campuses as dynamic sites that effectively 

support academic and related activities through appropriate 

physical and ICT infrastructure that also assist in anchoring 

the University in different communities and connecting it to 

diverse publics.

• 

 Goal Area 8: Leadership, Governance and Management  

To provide robust governance and effective values-based 

leadership at all levels to further develop UWC as a vibrant 

institution of high repute, supported by accountable 

management practices.

CROSS-CUTTING AREAS

The University has identified four interdependent cross-cutting 

areas that have the potential to facilitate large-scale change with  

a view to proactively leveraging the institution’s capabilities to 

achieve its strategic goals. These are areas in which the University  

has made significant advances over the past years in response to  

14

IOP 2021 - 2025an increasingly digital age; its anchoring role in surrounding 

digital transformation strategy and has to invest more strategically  

communities; establishing mutually beneficial partnerships; the 

in the revamping of its digital infrastructure and capabilities to 

University’s standing in the higher education ecosystem; and its 

harness its full potential. As an essential part of any digital 

international relationships. The University’s extensive involvement  

transformation approach, increased attention must also be given  

in these areas, both formal and informal, as well as the sheer number  

to improve the support for eResearch and cloud computing 

of initiatives, suggests that there is a growing risk of ad hoc project 

requirements.

proliferation and change saturation. Instead, what is required is a 

The previous IOP initiated a number of digitalisation projects  

more thoughtful and structured approach to deliver on the strategic 

to enhance the University’s fitness to function as a connected 21st- 

objectives and to see the cumulative benefit from its multiple efforts 

century university. The COVID-19 pandemic has further accelerated 

at change on a university-wide scale. 

the speed and scale of digitalisation, necessitating students and 

In the rollout of the IOP, there are significant opportunities  

staff to study and work remotely. Before the outbreak of COVID-19, 

at each level of the University to both understand and embed the 

the implementation progress of several ICT projects was ad hoc, 

cross-cutting areas more consciously into relevant aspects of its 

often lacking proper project and vendor management. In contrast, 

work in order to derive optimal benefit. The University community  

the urgency of the pandemic has resulted in significant collaboration 

will therefore be invited to consider the applicability and potential 

between executive lines, faculties, professional support units and 

influence of each of the following four cross-cutting areas in each  

vendor coordination to roll out the provision of devices and data 

of the goal areas for these to mature into strategic, institutional 

and, in doing so, has helped to reduce the digital divide that exists  

capabilities.

in the University community. Building on this momentum, the IOP 

proposes that UWC remains ambitious in its outlook and embarks  

1. Digital transformation

on a sustained, deliberate, phased journey to digitally transform the 

One of the principles behind digital transformation is that it breaks 

entire institution through smarter integration and embeddedness of 

from the traditional top-down, institutionally initiated IT approaches 

digital technologies, business processes and key competencies at all 

to an increasingly demand-driven, bottom-up approach that is more 

levels of the University. The recently adopted Bring Your Own Device 

receptive to the changing behaviours, expectations and needs of the 

(BYOD) policy is an important step in support of this approach. The 

core business and its users. Although the call to put people and 

redevelopment of the University’s website and the introduction of 

strategy before technology presents daunting challenges for all 

the UWC intranet site are steps in the right direction, but much more 

sectors, the opportunities that result from it are significant. A 

is required. 

second pressure that is unlikely to abate is the need to keep pace 

with the explosive growth in new technologies and the associated 

2. An anchor institution 

data and cybersecurity risks that accompany it. This will require  

The University’s approach to positioning itself as an anchor institution 

a strategic investment in and increased embeddedness of the 

presents transformative opportunities to give effect to its academic 

digitalisation of business processes across all portfolios; a 

mandate, while actively contributing to the distinctiveness, vibrancy 

conscious update or replacement of legacy systems; higher 

and character of its immediate surroundings and the region more 

processing speed capacity and the development of common  

broadly. There is a growing expectation that public institutions should 

data platforms; 24/7 access; and improved use of immersive 

not operate in isolation, but rather integrate their development 

technologies and artificial intelligence, to name a few. The  

plans in innovative ways to affect and influence their immediate 

University stands to benefit significantly from a well-conceived  

environments. As such, UWC will continue to immerse itself in its 

15

Connecting Possibilitiesneighbourhoods, both urban and rural, and promote cultural, 

educational, developmental, social and economic relationships  

with its locales. Through its intellectual and professional talent  

and capacity, UWC has a growing prominence in urban and rural 

settings, and is increasingly seen as an important resource in the 

region, more especially by marginalised communities. This demands  

the University to be much more imaginative, thoughtful and 

purposeful about its sense of place and its intellectual, cultural, 

geographical and ecological footprint. Understanding its 

collaborative value as an anchor institution, UWC will assist in  

building mutually beneficial ecosystems with different roleplayers  

— public, private, philanthropical, business and civil society —  

who are able to create sufficient scale, scope and geographies  

of opportunities. 

3. Collaborative partnerships within an ecosystem 

As a research-led university, UWC plays an essential role in 

collaborative partnerships within South Africa and globally.  

In doing so, the University has broadened its horizons and 

participated in a number of leading national and international 

projects in several disciplines. This has opened the way for the 

University to engage as a trusted partner in addressing the global 

challenges of our time, such as climate change, food security,  

health and well-being, custodianship of data and a shared sense  

of humanity. To avoid unproductive competition and minimise 

the IOP, as well as in the critical teaching and learning, and research 

and student development imperatives. The focus globally has been 

on increasing the competencies of individuals to better appreciate 

and be enriched by the diversity of culture, language and experience 

of people across borders through academic mobility and exchange. 

Given UWC’s history, it is particularly well positioned to offer insights 

and experience from the African perspective. UWC has grounded its 

international partnerships on the principles of mutual reciprocity 

duplication of effort, it becomes vital for UWC to develop strategic 

and respect, which are important to redress the skewed legacies of 

approaches to internationalisation through participation in well- 

knowledge production. 

targeted collaborative partnerships and research networks. It also 

prompts UWC to expand its strategic relationships in the Global 

Internationalisation is an integral part of what UWC’s Mission 

encapsulates and will strengthen efforts towards realising the 

South, with a particular focus on Africa. UWC also needs to carefully 

institutional Vision. The recruitment of international students and 

explore long-term business and industry relationships beyond 

disciplinary boundaries and jurisdictions to build sustainable 

ecosystems. 

4. Internationalisation

staff enriches the experiences of the UWC community, strongly 

supporting increased diversity and inculcating a sense of belonging to 

the continent as well as supporting the Internationalisation@Home 

initiative. In view of the fact that most South African students cannot 

afford to travel abroad to benefit from the international exposure 

Internationalisation has been an important focus at UWC and has 

afforded by studying in another country, and that limited funded 

been embedded as a cross-cutting theme across all goal areas in  

opportunities are available to support such experiences, the 

16

IOP 2021 - 2025Internationalisation@Home initiative adds to the diversity and 

knowledge and ways of applying it at scale in a climate of  

richness of the UWC student experience. The learning and teaching,  

fiscal austerity.

as well as research and innovation goal areas, will further benefit 

• 

 Competition between regions and institutions for local and 

from UWC’s internationalisation strategy of supporting staff and 

international partnerships with businesses, parastatals and 

student mobility to its international partners through dedicated 

other institutions will increase. Such partnerships have the 

donor-funded programmes. Through focused attention being paid  

potential to be lucrative and to enable institutions to be  

to establishing sustainable partnerships, UWC has developed a 

more competitive.

number of long-term strategic partnerships that continue to benefit 

• 

 Increased competition for excellent students, particularly for 

the knowledge project of the institution. 

funded postgraduate students, will put universities under 

Emphasis is also being placed on the membership of UWC in 

pressure to develop a range of highly selective recruitment 

strategic research and institutional consortia. This entails, amongst 

and retention instruments to facilitate planned expansion and 

others, leveraging UWC’s existing networks to access consortia of 

retention in accordance with mandated enrolment targets.

institutional partnerships. “Our friends are your friends, and we are  

• 

 The volatility and economic uncertainty of the environment 

all stronger when we work and play together” may be an apt 

will have serious implications for fundraising and the capacity  

description of this strategy. UWC staff and students would benefit 

to embark on longer-term projects. This will create a more 

mutually from this collective internationalisation strategy.

stressful work environment, which can contribute to the 

erosion of trust and collegiality.

PLANNING ASSUMPTIONS AND UWC’S CONTEXTUAL CHALLENGES

• 

 University budgets will be under increasing financial pressure 

The IOP 2021–2025 and associated institutional goals must follow 

as a result of pressure from government to redirect expenditure 

from realistic assumptions about both the opportunities and the 

to other pressing priorities, as well as the capping of fees and 

challenges facing the South African public higher education sector, 

the lack of a lasting solution to the funding of the “missing 

including the following: 

middle” group of students who fall outside of the National 

• 

 Demand for access to higher education and traditional 

Student Financial Aid Scheme (NSFAS). As a result, the current 

campus-based educational experiences will not diminish,  

business models will be tested more than ever before.

but parents and students prefer campuses that are safe and 

• 

 In an era in which the value of higher education is being 

inviting for all; integrate academic and personal development 

questioned at unprecedented levels, institutions will have  

in physical, digital and virtual online environments; and are 

to communicate more effectively with the public to showcase 

successful in graduating students who are well prepared to 

their activities and demonstrate their contribution to society, 

enter the world of work.

with the view to building greater trust.

• 

 Universities will be challenged to adapt to the “new normal” 

• 

 Data privacy issues will impact higher education issues, as 

confronting society and arising from the COVID-19 pandemic. 

universities will be under pressure to secure student and 

The ability of institutions to enhance their online presence  

research data, guard against data breaches and demonstrate 

in accredited programme provision will become a key 

responsible enforcement.

differentiator. 

• 

 The global issues of our time that inform, amongst others,  

• 

 Programme distinction through focused and transdisciplinary 

the United Nations’ Sustainable Development Goals (SDGs)2  

research niche areas is becoming increasingly important, 

requires the University to consider in which areas it has the 

especially in the light of pressure on the demand for new 

intellectual capacity to make the most significant contributions.

2. The Sustainable Development Goals or Global Goals are a collection of 17 interlinked goals designed to be a “blueprint to achieve a better and more sustainable future for all”. The SDGs were set 
up in 2015 by the United Nations General Assembly and are intended to be achieved by the year 2030 (https://www.un.org/sustainabledevelopment/sustainable-development-goals/)

17

Connecting PossibilitiesGoal Area 1: 
The Student Experience

To facilitate a meaningful and stimulating university 

University more than sixty years ago, successive 

experience for students, from initial registration to 

generations of graduates have been testament to the 

graduation, by building co-curricular opportunities, 

vibrant, sometimes turbulent, but always life-changing 

responsive support services and institutional cultures  

experiences of studying at UWC. Many have gone on to 

that allow for growth and development and that lay  

become leaders in public life, business and academia. 

the foundation for lifelong learning; and efficient and 

We are committed to ensuring that future generations of 

effective enrolment management geared towards 

UWC students can also thrive and develop to their full 

enhancing the University’s overall mission and long- 

potential. The achievement of this goal is central to the 

term ambitions.

INTRODUCTION

work of all sections of the University and permeates 

every goal area of this IOP. However, in this specific goal 

area, our focus is on the co-curricular experiences, 

Students are and will always be at the heart of the 

institutional cultures and support services that enrich  

University’s endeavours. Since the founding of the 

the lives of students and nurture their talents and 

18

IOP 2021 - 2025capabilities throughout their association with the 

study at UWC as their institution of choice, especially at 

University — from first contact and  through their 

postgraduate level. The findings of our 2018 Graduate 

undergraduate and postgraduate studies to becoming 

Exit survey were particularly encouraging: 94% of 

alumni and lifelong ambassadors of their alma mater.  

respondents were proud to graduate from UWC; 88% 

The goal area also strives to contribute to effective 

would recommend UWC to their friends and family; 78%  

enrolment management as well as to ensure better 

of graduates said they would choose UWC again as a 

coordination and synergy of initiatives across the 

place to study; and 87% said the University provided 

divisions and functions of the University, which  

them with an intellectually stimulating environment. 

together contribute to an enriching student experience.

The University’s transformation from a bleak 

While we have made significant progress in 

college in the “bush” to a modern park-like campus  

enhancing the UWC student experience, we acknowledge 

has also been remarkable. Today, for example, we have 

that our efforts continue to be informed by the broader 

cutting-edge infrastructure, facilities and programmes  

societal context within which UWC is located. In 

in the biological and physical sciences that can hold 

particular, the University’s very location poses 

their own internationally. 

limitations but also provides opportunities. The main 

UWC has seen the opening of several new 

campus remains closed off from vibrant city life. Poor 

facilities that contribute significantly to enriching 

transport networks and safety concerns limit the 

student life. The refurbishment and equipping of a  

mobility of students, many of whom are first-generation 

new facility for the support unit for differently-abled 

students with very limited financial resources. As a 

students provides an important study and networking 

result, Oppidan (or daily-commuting) students cannot 

space for students to access specialised equipment, 

easily make use of the University facilities after hours,  

resources and expertise. The construction of a 2 700- 

or take part in the various extramural activities that are 

bed student village adjacent to the campus is in progress. 

available on campus. These are some of the realities 

This will not only double the number of UWC-owned 

that cannot be wished away. Instead, they push the 

beds, but will locate them within walking distance of  

University to work harder to provide the facilities, 

the main campus and study amenities, such as the 24/7 

opportunities and connections that contribute to an 

study hall and high-performance sports facilities. 

enriching university experience, and that equip 

Sport has become a central part of university life 

graduates to function as professionals and active 

and has the potential to bring the campus community 

citizens. Our physical location, however, is also our 

closer together. The University has increased the number 

strength, as it anchors us close to the communities  

of sporting codes that it offers through the introduction 

that we serve. It connects us to feeder schools, clinics, 

of rowing, and significant gains have been made to advance 

hospitals, NGOs and communities that are the lifeblood  

women in sport in particular. The increasing national 

of so much of our research, teaching and community 

media exposure of UWC’s rugby, cricket, netball and 

engagement.

women’s soccer teams has been indicative of progress in 

UWC has a student body that is diverse in terms 

these areas. An increase in the number of Sport Merit 

of race, gender, age, nationality and prior qualifications. 

Awards over the last IOP period has enabled the more 

It is this diversity that continues to attract students to 

competitive recruitment of sportswomen and men, 

19

Connecting Possibilitieswhich, in turn, has led to an increase in the number of UWC students 

within the Centre for Student Support Services and the broader 

and graduates joining professional as well as national teams. This 

campus has been introduced and is supported by research to 

has, importantly, been supported by the high-performance sport 

ascertain the factors that affect the mental health of students,  

facilities and capacity, which have contributed to giving students 

as well as mitigating interventions. This work is framed by the 

better access to medical, nutritional and psychological support.

Mental Health Policy adopted in 2020. 

Student governance structures continue to play a leading 

role in shaping campus life through, amongst others, the SRC, 

ENROLMENT MANAGEMENT: DETERMINING THE SIZE 

student faculty councils, clubs and societies, and sporting codes. 

AND SHAPE OF THE UNIVERSITY

Examples of student-led initiatives include the Food Security Project, 

The number of students, where they come from, and the programmes 

 a nutrition and wellness programme that responds to hunger on 

and degrees for which they register (undergraduate and postgraduate) 

campus, and the SRC’s Ikamva Lethu Fundraising Campaign, which 

all contribute to creating a diverse and interesting campus community, 

annually raises funds to support indigent students with bursaries, 

and this is shaped by the University’s enrolment mandate. UWC’s six- 

study resources and food subsidies. The flagship student leadership 

year enrolment mandate (2020 to 2025) from the Department of Higher 

incubator programme is aimed at preparing students for leadership 

Education and Training (DHET) requires the University to manage its 

and governance roles. Opportunities are also created for students  

enrolment, retention and throughput in line with nationally agreed 

to participate in volunteer programmes.

targets and system-wide differentiation. Failure to achieve targets 

The safety and security of students will always remain  

allocated by the DHET can have significant implications for UWC’s 

a priority. University campuses are not immune to the scourge  

subsidy, which takes account of both student enrolment and, 

of gender-based violence. The University has put in place policies  

importantly, graduation output.

and processes to address gender-based violence (GBV), as well as 

As illustrated in Figure 1 to the right, UWC is mandated to 

initiatives to build and enhance institutional cultures that are 

increase its student headcount from 23 727 in 2020 to 26 740 (or 

inclusive and respectful of diversity. We aim to provide a supportive, 

21 472 full-time equivalent students) by 2025. In line with the 

inclusive environment for all students that addresses barriers to 

University’s desire to increase its share of postgraduate students  

success and respects diversity. As will be discussed further in Goal 

and its overall research output, its approved enrolment plan is 

Area 7, there are a number of infrastructure projects, such as 

predicated on much slower annual increases in first-time entering 

improving lighting, that have also been implemented to improve 

undergraduates (school-leavers), allowing for increased growth in 

safety on campus.

postgraduate studies. This growth at advanced qualification levels  

Work has also begun to build better coordination and synergy 

will assist the University to maximise resources and increase its 

between student support initiatives across the University by bringing 

overall share of the public purse by 0.42% by the end of the IOP 

them under the umbrella of an overarching student success strategy 

period. The challenge to reimagine UWC’s student mix and bridging  

(see Goal Area 2). This focus will be expanded on in this IOP period, 

the gap between its research aspirations and current reality is both 

especially within the framework of the Siyaphumelela Project, which 

exciting and daunting.

includes the First-Year Experience initiative and the “Making your 

The strategies and tactics of the University’s enrolment 

Mark through Mapworks” project. 

management plan are to ensure a steady growth in postgraduate 

The latter incorporates multiple learning styles and strategies 

enrolments and to improve the general success and retention of all 

to facilitate student psycho-social support. A Mental Health Project 

students, which will help the University achieve one of the central 

to enhance existing and future mental health initiatives and practices 

pillars to becoming a research-led university. While these objectives 

20

IOP 2021 - 2025are further elaborated on in Goal Areas 1, 2 and 3, it will require 

significant effort and capacity at all levels to sustain enrolment 

efforts in the current economic climate through the mitigation of  

risks whilst leveraging opportunities. 

Students’ learning experiences, engagement with the 

University and its surrounding communities, as well as their life 

experiences are multidimensional. Ongoing attention must be  

given to providing a stimulating environment in which students  

can thrive. It also requires a caring and collaborative institutional 

culture that is open to change, tolerant of cultural diversity and 

modelled on values-based leadership at all levels. Importantly, 

success in this goal area requires a body of both academic and 

professional support staff who are equipped and committed to 

engage effectively and compassionately with students. The 

strengthening of professional support services will receive  

focused attention in this IOP. 

Building on past successes, the focus in this goal area will be on:

Figure 1: UWC’s Mandated Enrolment Growth, 2020 to 2025

80 000

60 000

40 000

20 000

0

2014

2016

2018

2020

2022

2024

Unweighted FTEs

Student enroll

Weighted Teaching Input FTEs (Mandated)

21

Connecting Possibilities1. Enhancing opportunities to provide students with  

connectedness with the University and the extent to which they are 

a transformative university experience 

motivated and likely to persist and succeed in their studies. UWC 

As indicated above, UWC wishes to focus on ensuring that students 

prides itself on its commitment to inclusivity and diversity, and 

enjoy an enriching experience at every stage of their higher education 

ability to attract a diverse range of students from all walks of life, 

journey, from their first contact with the University as prospective 

experiences and backgrounds. For many students, particularly 

students, through selection and registration, transitioning from 

first-generation university students, the transition from school to 

school to university, and their undergraduate and postgraduate 

university and the experience of navigating the different stages of 

studies to career advice, transitioning to the world of work and 

application, admission, curriculum choices, adjustment to residence 

becoming alumni. Much has been done to nurture the holistic 

life, etc. can be overwhelming and alienating.

development and academic success of students throughout their 

Increased attention will be paid to encourage interpersonal 

university careers. However, over the years, we have seen the  

and intergroup relationships with peers and a supportive relationship 

ad hoc proliferation of support interventions, with relatively little 

with staff. These relationships will be marked by care, tolerance and 

assessment of reach and impact. During this IOP period, we 

trust within a framework that protects the rights and dignity of each 

therefore plan to conceptualise and implement a more systematic  

individual. Special attention will be given to the varied expectations 

and coordinated support programme that covers the student’s  

and needs of different segments of the student body to ensure that 

entire university career.

all students are reached, particularly vulnerable groups of students 

In this regard, UWC will:

abled students) such as alienation and exclusion, and find it difficult 

• 

 Identify and evaluate current support initiatives (based on  

to cope or fit into the mainstream.

who often experience additional barriers (for example, differently-

a common assessment framework) across the key stages of  

The principles of inclusivity and diversity are strongly 

the student journey as the basis for the development and 

connected with UWC’s core values and its commitment to create  

implementation of a systematic and coordinated next-

an atmosphere of trust and tolerance and to protect the rights  

generation support programme that also addresses current  

and dignity of individuals. In a society with high levels of crime and 

gaps and shortcomings.

gender-based violence, which add to increased levels of anxiety 

• 

 Establish a community of practice to collaborate, share 

among students, the safety and well-being of students remain a  

• 

• 

information, advance good practice in this area and work 

key concern. The University will expand its efforts to gain a better 

towards establishing greater synergy between projects.

understanding of students’ experiences and expectations and to 

 Develop an online platform to build a digital transcript of 

implement practical steps to address these concerns on both 

individual students’ participation in co-curricular activities.

systemic and personal levels. This includes organisational 

 Scale up existing face-to-face and digital support and 

arrangements, the physical infrastructure, students’ online 

development programmes and explore the optimal use of  

experiences, and exposure to bullying and cybercrime. Particular 

online platforms to promote student life more broadly.

concerns that have grown during the COVID-19 pandemic are 

2. Building and enhancing a supportive, inclusive environment for 

suicide. The latter concerns will receive priority attention in this  

all students that addresses barriers to success, respects diversity 

IOP, with a view to better understand students’ experiences, levels  

and creates a sense of belonging

of anxiety and depression, and to proactively identify and support 

Students’ sense of belonging is closely associated with their perceived 

students at risk.

students’ mental health and well-being, including concerns about 

22

IOP 2021 - 2025Students’ involvement in campus activities fulfils an 

important role in building a dynamic and vibrant campus life  

and bettering the student experience, aligned to the key goals  

of connecting students to each other and the world around them. 

There is, however, general acknowledgement that student 

participation in extracurricular activities varies significantly for 

different groups of students. For example, Oppidan students are 

constrained by long travel time to the campus as well as the lack  

of safe after-hours transport options. Many students need to  

hold down part-time jobs, in addition to family responsibilities. 

Consideration therefore will be given to ways in which all students  

may be better positioned to benefit from broader participation in 

campus life, beyond formal academic studies. Another challenge 

facing the University is keeping students engaged in all aspects  

of campus life, and developing and sustaining a vibrant, inclusive  

and transformative student experience in the midst and aftermath  

of the pandemic.

In this regard, UWC will:

• 

 Step up its efforts to create a welcoming atmosphere and give 

students a sense that they are valued and that their voices, 

opinions and active participation in the University’s life 

matter and are valued. These efforts are geared to actively 

promote a respectful, tolerant and caring campus community. 

Student perception surveys will be administered to assess 

progress in this area. 

• 

 Provide an enabling campus environment that promotes the 

health, safety and well-being of all segments of the student 

body, with particular focus on mental health support, which 

 is one of the priorities funded through the Siyaphumelela 

programme (also see Goal Area 2).

• 

 Promote active student participation in sporting, cultural  

and leisure activities, as well as participation in student 

government and societies. Current life skills programmes  

will be expanded so that all students have the opportunity  

to acquire new life skills. 

• 

 Promote student engagement with local communities through 

23

Connecting Possibilitiesvoluntary work, as well as formal service-learning 

opportunities.

3. Providing students with responsive and professional support 

services that contribute to a positive student experience

Meaningful student engagement is based on a multitude of factors, 

including the nature and quality of the relationship between staff 

and students. While the interaction between academics and students 

necessarily occurs more frequently in the learning, teaching and 

assessment context, professional and support staff also interact 

with students and exert powerful influences on, amongst others, 

students’ motivation and sense of belonging. This IOP acknowledges 

the value of professional and support services staff to promote the 

well-being of students and to influence the overall experiences of 

students. 

In this regard, UWC will encourage:

• 

 All faculties and divisions to review and rethink current 

institutional culture and functioning of services/units (in 

particular those that are student-facing) with a view to enhance 

service delivery and the relationships of trust between the 

administrative and professional staff and students as markers  

of a healthy institutional culture. In undertaking this exercise, 

attention should be paid, where appropriate, to addressing 

long-held bureaucratic rules and practices, policy incongruences 

and outdated legacy systems, which might constrain staff-

student relations. Faculties/units will also be encouraged  

to share good experience and practice in this regard. 

• 

 Staff in student-facing services/units will be provided with 

appropriate capacity building and training opportunities to 

enhance service delivery and staff job satisfaction. This will 

include the opportunity to enrol for formal qualifications and 

participate in communities of practice.

4. Changing the size, shape and mix of the student population  

and academic programmes

UWC’s enrolment plan must be supported by a strategic implementation 

24

IOP 2021 - 2025plan that enables the University to pursue its core academic and 

research goals and aspirations in a more deliberate and integrated 

way. As indicated earlier, UWC’s enrolment mandate is predicated on 

much slower annual increases in first-time entering undergraduates, 

allowing for increased opportunities to grow postgraduate enrolment 

broadly across the University, but with particular focus on selected 

niche areas that reflect the research strengths of the institution. This 

will allow for both greater opportunity for top-performing current 

students to progress to advanced levels of study, as well as the 

recruitment of students nationally, from the rest of the continent 

and internationally. 

The increased scope to expand current and introduce new 

postgraduate programmes, including fully online postgraduate 

programmes, will assist UWC to diversify and remain fiscally strong. 

Enrolment management at the postgraduate level will require 

attention being paid to the recruitment and retention of students. 

With respect to the latter, the findings and recommendations of the 

Council on Higher Education’s recent National Review of Doctoral 

Education, for example, will be of value to guide the strengthening 

In further support of this area, UWC will:

of doctoral education at UWC. 

• 

 Develop and implement an improvement plan for the 

The University is mandated to offer fully online postgraduate 

recruitment and registration of students that is aligned  

programmes to at least 3% of its total student body within this IOP 

with achieving the targets set in our approved enrolment 

period. This will require the development of strong student success-

mandate. The plan will identify areas that require priority 

related practices in a fully online environment and the introduction 

attention and will demarcate roles and responsibilities  

of digitally enabled flexible online learning capabilities to increase 

across different divisions and faculties. The improvement  

geographic reach. The University will focus strategically on developing 

plan will be premised on a comprehensive review of the 

fully online offerings of programmes in areas of high demand. The 

University’s policies, administrative capacity and systems  

need to seek accreditation for online programmes also presents a 

for undergraduate and postgraduate student recruitment  

unique opportunity to review and reimagine UWC’s programme and 

and registration.

qualification mix (PQM) and to expand into new fields of study, including 

• 

 Develop and implement a policy framework and standard 

areas where UWC may wish to enter partnerships or offerings in non- 

operating procedures to support fully online postgraduate 

traditional campus sites, such as farmland for sustainable agriculture. 

programme offerings.

A review of the PQM is specifically addressed in Goal Area 2.

• 

 Focus on the optimal use of bursary and scholarship 

While specific interventions are identified below, it must  

opportunities in support of the University’s enrolment plan.•

be stressed that issues relating to the recruitment, success and 

 Review UWC’s PQM with a view to exploring new study areas  

retention of both undergraduate and postgraduate students are 

and expanding the range and delivery mode of accredited 

dealt with across all areas of this IOP.

programme offerings (see Goal Area 2).

25

Connecting Possibilities 
Goal Area 2: 
Learning and Teaching

To provide high-quality, evidence-based learning and 

who are responsible citizens and ethical professionals 

teaching opportunities that are underpinned by responsive 

able to contribute to finding solutions towards a more 

curricula and a diversity of learning, teaching and 

equitable and just society. If our graduates are to meet 

assessment approaches in order to nurture graduates  

these requirements, we have to critically and rigorously 

who: have the knowledge, skills and attributes to 

consider our internal practices, policies and procedures. 

succeed in the world of work; are lifelong learners; and  

This requires paying continued attention to, amongst 

are socially aware, ethical and caring global citizens.

others, what we teach, how we teach, how students 

learn, how we assess learning and how we build 

INTRODUCTION

institutional and disciplinary cultures and structures 

Universities are required to focus on addressing global 

that support students and staff alike. In considering all  

and local social, economic and environmental challenges 

of the above, universities must remain cognisant of the 

through their research and innovation focus and, most 

rapidly changing world of work and the implications 

importantly, through their role in preparing graduates 

thereof in terms of the additional skills and attributes  

26

IOP 2021 - 2025that will equip students for changing work environments, 

Economic and Management Sciences, Law and 

including global shifts in the nature of work. 

Natural Sciences to students who show potential 

UWC is designated as a contact university and, 

but do not meet the standard entry requirements. 

despite the intention to deliver some programmes in  

These programmes were all reviewed in the last 

a fully online/distance mode, the on-campus and 

IOP cycle and processes are under way to address 

classroom experiences and engagements are considered 

the recommendations to improve the quality and 

valuable and important for our students’ development, 

success rates of these programmes and their 

especially at the undergraduate level and given that a 

articulation with the mainstream.

majority of our students come from disadvantaged 

• 

 The Charter of Graduate Attributes is now a widely 

schooling and home backgrounds. Although COVID-19 

accepted document and its implementation has 

has dramatically affected the classroom and campus 

resulted in the incremental embedding of desired 

experience in the short to medium term, we remain 

attributes into the curriculum. 

committed to providing an enriching on-campus 

• 

 The Professionalisation of Teaching: UWC has a 

experience for the majority of our students. However,  

good track record in terms of initiatives aimed at 

we will draw on the rich experience gained during the 

the professionalisation of teaching, which include 

course of the pandemic to strengthen learning and 

the recognition of teaching excellence as part of 

teaching, particularly through the application of relevant 

the academic promotion criteria; support for staff 

technology and digital platforms. The incorporation of 

to undertake further training and development in 

the invaluable experiences of this period into our future 

higher education teaching and learning, such as 

practices will enable the University to give effect to the 

the CHEC Postgraduate Diploma (Higher Education) 

notion of blended learning as it applies to UWC. 

(Teaching & Learning) and the South African Teaching 

UWC has achieved much in strengthening learning and 

There has also been an increase in publishing in the 

teaching over various IOP cycles, including the following:

area of the Scholarship of Teaching and Learning 

• 

 The Student Retention and Success Framework has 

(SoTL). UWC offers its own induction courses for 

Advancement at University (TAU)Fellowship Awards. 

been developed and approved. Multiple student 

new academics, and these contribute significantly 

success initiatives are in place, including the 

to embedding teaching professionalisation. 

strengthening of tutorials through increased tutor 

• 

 Enhancing Technological Platforms: There is an 

training, tutor support and tutor evaluation; peer 

ongoing focus on the importance of digital resources 

mentoring and peer learning; support for academic 

and skills, and building the confidence of students 

and digital literacies; and a First-Year Experience 

and staff to use technology more effectively to 

(FYE) programme. Through Project Y, attention has 

support learning, pedagogical approaches and 

been given to enhancing undergraduate students’ 

engagement. The Digital Academic Literacy (DAL) 

critical thinking and research skills to better prepare 

Programme is an important initiative that supports 

them for postgraduate studies. Extended curriculum 

thousands of new students annually. The uptake  

programmes are provided in the faculties of Arts, 

of blended and flexible learning has been facilitated, 

Community and Health Sciences, Education, 

amongst others, by Ikamva, the University’s 

27

Connecting Possibilitieslearning management system. The Centre for Innovative 

in line with DHET benchmarks for traditional universities and on par 

Education & Communication Technologies (CIECT) continues  

with peer institutions. However, we are clear that this goal must be 

to actively promote and support academics’ development in 

achieved without compromising the integrity of our assessment 

eLearning. The COVID-19 lockdown necessitated the shifting  

standards and graduate outcomes.

of all academic programmes to online mode. This required 

While we will expand on strategies that have shown promise  

tremendous effort and dedication from all teaching staff, 

in the past period, our focus in this IOP will be on using learning 

various support units and students, and was testament to the 

analytics to comprehensively enhance curriculum and student 

robustness of UWC’s digital resources and infrastructure, 

support interventions and improve the tracking and monitoring of 

despite significant challenges relating to access to devices  

student performance (see below). This work will benefit from UWC’s 

and data provisioning. UWC has also begun to increase the 

full participation in the Siyaphumelela network, which has as its 

capacity and skills of academics and students to engage with 

primary goal “to improve institutional capacity to enact data-driven 

cutting-edge immersive technologies. For example, the 

strategies that support student success”.

University was able to optimise its virtual laboratory 

partnership with Learning Science UK to provide virtual  

 Building on past successes, the focus in this goal area will be on:

access to the laboratory-based sciences when physical  

access to laboratories was restricted during the pandemic. 

1. Student success and retention

UWC is committed to fostering a conducive and flexible learning 

A number of the initiatives outlined above have benefited from 

environment that supports student success and retention. In this 

funding support from various of the Department of Higher Education 

regard, it is essential to recognise that student success, similar to 

and Training’s capacity development grant streams, and this has 

the student experience, is influenced by many factors. Addressing 

assisted specifically to extend the scope and reach of the interventions. 

student success and retention challenges will require a concerted 

While we have made significant gains, a number of pressing 

effort by every part of the UWC community. 

challenges remain. Of particular concern is that student performance 

As indicated, UWC’s student success rates do not compare 

has not improved. An analysis of the performance of the 2015 cohort 

favourably with the broader national sector, and work has already 

of students enrolled in three-year degree programmes found that 

been done to better understand the factors affecting student 

only 23% of students graduated in minimum time, with 33% dropping 

success. For example, data shows that early failure increases the 

out. After six years, 44% of the cohort had graduated and the dropout 

chances of drop-out — meaning that students who fail modules at  

increased to 44%. A comparable analysis of the 2015 cohort enrolled in 

the first-year level, even when promoted to the following year of 

four-year degree programmes found that 36% of the cohort graduated 

study, are more likely to drop out in later years. The University has 

in the minimum time, with 29% dropping out. Two years later, 56% of 

been monitoring modules with low pass rates over a number of  

the cohort had graduated, with 32% dropping out. The slightly better 

years and this has led to the identification of modules with failure 

performance of students in the four-year programmes is to be 

rates of between 20% and 29%, and those with failure rates greater 

expected, given the higher entry requirements for admission to 

than 29%. Of particular concern in the latter group are modules with 

these programmes. UWC’s performance remains below the average  

high enrolment (150 or more students), which are offered in more 

for traditional universities in the national system. 

than one programme, which are prerequisites,and which have 

A key focus for this IOP period therefore will be to significantly 

experienced low pass rates over time (not just in one year). These 

improve undergraduate student performance so that it is minimally 

modules will receive concerted attention in this IOP cycle. 

28

IOP 2021 - 2025 
UWC remains committed to the widening and broadening of 

access to higher education. However, we recognise that students 

entering university come from very different and unequal schooling 

environments and, generally, there is a lack of academic preparedness 

for university studies. These factors have a direct influence on student 

retention and success. We will continue to make every effort to find 

effective ways to address the articulation gap between school and 

university studies. This will include renewed attention being paid to 

improve the provision of quality extended curriculum programmes, 

along with information literacy, computer and eLiteracy skills. The 

latter three are essential for engaging in online platforms for multiple 

purposes, including assessment, communication, eResearch, etc.

Attention will be paid to strengthening the University’s 

business intelligence capacity so that robust learner analytics and 

tracking systems are in place to allow for the comprehensive 

monitoring of student performance at all levels — individuals, 

modules, programmes, departments and faculties. 

In this regard, UWC will:

• 

 Strengthen its business intelligence capacity to increasingly 

use learning analytics and tracking systems to gain a better 

understanding and to effectively address student success and 

retention. 

• 

• 

 Support faculty interventions to address modules with high 

failure rates.

 Improve the quality and success rates of the extended 

curriculum programmes and their articulation with the 

mainstream.

• 

 Track student progress through cohort studies and focus  

• 

• 

on interventions to increase the proportion of students  

who complete qualifications in the minimum time.

 Continue to refine the First-year Mentorship and Transitioning 

programme.

 Improve the quality of tutorials through the tutor 

enhancement programme, which includes the selection,  

training and evaluation of tutors and the appointment  

of Faculty Tutor Coordinators. In addition, the tutorial 

29

Connecting Possibilitiesmanagement system will be updated with a view to monitoring 

UWC is further committed to creating responsive, flexible and 

student attendance and performance and the effectiveness of 

renewed curricula that will ensure students can engage confidently 

tutorials, in particular through the incorporation of data on 

and authentically with local, continental and global contextual realities 

student engagement with learning processes. 

and navigate these spaces from a social justice and engagement 

 Pilot the appointment of academic advisors in selected 

perspective. During the last IOP cycle, some groundwork was done 

faculties.

towards curriculum renewal. However, progress was uneven, and was 

 Offer digital academic literacy training to all students.

hampered by the lack of a guiding institutional framework and 

 Develop a more integrated approach to student development 

approach to curriculum transformation and renewal. 

that links psycho-social and academic support.

UWC has an ongoing process of institutional programme and 

I ncrease the number of students whose academic  

departmental reviews and has participated in a number of external 

performance is at a level that allows them to access 

programme alignment, renewal and review processes, which are often 

• 

• 

• 

• 

postgraduate study opportunities.

driven by professional and disciplinary bodies. 

In the coming period, the University also plans to embark on 

2. Providing responsive and enabling academic programmes 

a comprehensive review of its programme and qualification mix (PQM), 

Over the last number of years, curriculum transformation has been 

with a view to the possible rationalisation of programmes, as well as 

one of the most significant undertakings within the ambit of learning 

the identification of new offerings and the targeted expansion into 

and teaching in South Africa. The call for curriculum renewal has been 

new discipline domains. We recognise that this area is regulated by 

informed by various stakeholders from within the academy and beyond. 

the policies and processes of the Department of Higher Education 

These include calls for the decolonisation of the curriculum, which in 

and the Higher Education Quality Committee and will work closely 

turn have led to questions about the purposes of higher education, 

with these partners to motivate changes to the PQM.

including its role in social justice. Curriculum renewal is also necessary 

in order to respond to the changing nature of work, professional 

In this regard, UWC will:

practice, technological advances and, importantly, the need for the 

• 

 Build capacity for the implementation of the Curriculum 

curriculum to reflect the core values and ethos of the University.

Renewal and Transformation (CRT) Framework and Policy. 

Curriculum review is usually undertaken within a process  

Particular attention will also be paid to the curriculum 

that also considers graduate attributes, including aspects such as 

development of programmes earmarked for online delivery.

scholarship, critical citizenship and social good, lifelong learning, 

deep and broad engagement with creative thinking and problem-

• 

• 

 Review and update the Charter of Graduate Attributes.

 Comprehensively analyse its current PQM and plan for 

solving, academic literacy, and autonomous and collaborative 

programme renewal and rationalisation, bearing the 

learning and communication. UWC is committed to the ongoing 

University’s academic strengths and the enrolment  

expansion of our understanding of the concepts of “graduateness” 

mandate in mind.

and employability to acknowledge the changing labour market with  

a greater emphasis on independence, self-learning, problem-solving, 

3. Developing an enabling environment for excellence in learning 

critical thinking and entrepreneurship. The current Charter of 

and teaching, with a focus on the professionalisation of learning 

Graduate Attributes will be reviewed and, as part of this process, 

and teaching and supporting infrastructure

consideration will be given to whether an augmented charter is 

In giving effect to this objective, the University recognises the 

required for postgraduates. 

importance of people, systems and infrastructure (digital and 

30

IOP 2021 - 2025physical). The role of academic staff as scholarly university teachers 

forms an integral part of strengthening UWC as a research-led 

university, and the University remains committed to its focus on 

enabling and supporting academic staff in their development as 

university teachers who are able to assess and use appropriate 

pedagogical (and andragogical) approaches in support of student 

learning and student success. UWC will also continue to further 

foster and support multimodal learning and teaching that promote 

academic literacy and the realisation of graduate attributes across  

all faculties. 

The COVID-19 experience has fast-tracked the use of digital 

technologies in learning and teaching. Going forward, UWC would 

like to build on this and optimise approaches to flexible learning and 

provisioning in all its forms. This would require us, amongst others, 

to continue to expand our understanding and application of 

e-pedagogies, instructional design and assessment for online 

learning and teaching. Online learning must be planned for, and  

not treated as a fallback from face-to-face teaching. A renewed 

focus is also needed on teaching and assessment practices within  

a flexible and blended learning context. The online shift to 

assessment is often cause for concern about academic integrity.  

The University will endeavour to employ the least intrusive forms  

of digital control and proctoring for summative evaluation, mindful  

of students’ right to privacy, the structural inequality of many more 

advanced online surveillance systems, and the increased digital 

demand of such approaches. A greater focus will be placed on 

formative and ongoing assessment as opposed to digital control  

or intrusiveness. 

As indicated above, attention also needs to be given to the 

systems and infrastructure, including the configuration of learning 

and teaching spaces (both formal and informal) and technological 

platforms, to support a quality learning and teaching environment.

In this regard, UWC will:

• 

 Continue to promote the professional development of 

academics as university teachers through, amongst others:

– 

 the offering of staff induction programmes;

31

Connecting Possibilities 
– 

 funding support for staff to enrol in formal qualifications  

in teaching and learning in higher education (such as that 

offered under the umbrella of the Cape Higher Education 

Consortium) and to access short courses; and

– 

 learning and teaching workshops and annual colloquia  

that focus on sharing learnings and progress in key areas 

such as assessment and eLearning. Taken as a whole,  

these activities will contribute to stimulating learning 

communities across the institution.

• 

 Provide dedicated funding support for staff to embark on 

scholarship that focuses on teaching and learning (SoTL) and  

to present their research at relevant conferences. This area 

will be strengthened, in particular, through our national and 

international partnerships and participation in various SoTL 

networks.

• 

• 

 Focus on improving the integration of teaching and 

assessment practices with the curriculum.

 Focus on advancing university teaching through leadership 

development initiatives that will include offering the 

Certificate Programme for Academic & Professional Leaders 

(P4APL), and workshops for HODs and Deputy Deans of 

Learning and Teaching.

• 

 Provide training and support to staff to improve their 

• 

• 

understanding and application of e-pedagogies and 

instructional design for effective online teaching. 

 Continue to improve and expand the functionality of  

UWC’s iKamva learning management system. 

 Expand the understanding and adoption of emerging 

technologies such as augmented reality (AR) and virtual 

reality (VR) as part of learning and teaching approaches.

• 

 Focus on physical infrastructure development and adaptation  

to provide conducive formal and informal learning and 

teaching spaces that contribute to an optimal classroom 

experience and support multimodal teaching approaches.

4. Academic engagement: Community engagement, service learning 

and continuous professional development

32

IOP 2021 - 2025 
 
Integral to the core work of the University is the integration of  

a wide range of community engagement and service-learning 

activities into the formal curriculum at both the undergraduate 

 and postgraduate levels. Working closely with faculties, UWC’s 

Community Engagement Unit (CEU) promotes and facilitates 

community engagement opportunities that increasingly seek to 

establish equitable partnerships with communities, especially  

those in reasonable proximity to the campuses of the University. 

These partnerships play an important part in rooting UWC as an 

anchor institution in its immediate environment, enabling it to 

better support local social and economic development. 

Much of our experience in this area has been built through the 

requirement of service learning for teacher education programmes 

and programmes across the faculties of Community and Health 

Sciences and Dentistry. However, degree offerings in faculties that 

largely concentrate on general formative education do not traditionally 

include service learning and other forms of experiential learning. 

The lack thereof has been identified as a barrier to students finding 

employment and in their adaptation to work environments, as well 

as the lack of exposure to grassroots concerns and issues relating  

to the students’ chosen disciplines and professional fields. As part 

of the broader focus on curriculum and assessment approaches, 

opportunities for expanding experiential learning will be explored.

Earlier in this goal area, reference was made to the fast-

changing world of work and this requires ongoing retraining and 

upskilling of the workforce. UWC has not been able to optimise  

its knowledge base in support of the continued development of 

individuals and organisations. Through continuing professional 

development (CPD) and other short courses, opportunities will be 

created for the ongoing education and training of professionals in  

a range of areas. These short-cycle programmes will be targeted to 

individuals in the public and private sectors, including UWC alumni, 

and have the added potential of generating third-stream income for 

the University.

In this regard, UWC will:

• 

• 

• 

that will allow all parties to actively discover knowledge,  

teach and learn from each other.

 Promote and support the scholarship of engagement.

 Seek to increase service learning and other forms of 

experiential learning opportunities for students.

 Assess the current short course and CPD offerings to identify 

those that should continue and/or be strengthened and  

to develop new course offerings, supported by targeted 

marketing strategies.

• 

 Implement a technology solution that will support the 

registration and monitoring of students in short course  

• 

 Focus on fostering sustainable partnerships with communities 

and CPD offerings.

33

Connecting PossibilitiesGoal Area 3: 
Research and Innovation

To strengthen UWC’s position as a research-led university, 

Over the last fifteen years, significant progress  

contributing to the transformation of society through its 

has been made in most of the key areas associated  

knowledge-production endeavours and be recognised for 

with research capacity building. Strengthening and 

its general research capabilities and research strengths 

consolidating UWC’s research capabilities as well as 

in selected areas.

diversifying and deepening the pool of productive 

INTRODUCTION

researchers remain a key priority and the overarching 

goal for research in the coming five years. As UWC is 

Through consecutive IOPs, UWC has expressed its 

increasingly recognised as one of the country’s research- 

intention to position itself as a university that is 

led universities, this position needs to be further 

increasingly recognised for its capacity to produce  

consolidated, but in ways that harness a more explicit 

and advance new knowledge in areas of recognised 

research identity. For a few years now, eResearch has 

research strength, and to work towards the translation  

been at the forefront of research support services at 

of knowledge through innovative endeavours. 

universities and research centres worldwide, and its 

34

IOP 2021 - 2025importance is likely to grow in the era of big data and  

studies, as well as in constitutional law, human rights 

big science. EResearch is broadly defined as the use of 

and governance. 

advanced information technologies to foster better, 

Progress during the previous IOP cycle shows 

faster and higher-impact research by improving efficiency 

that, between 2016 and 2020, the number of National 

and interconnectedness across the full research data 

Research Foundation (NRF) A-rated researchers increased 

lifecycle. During this IOP period, the University will 

from three to seven, while the number of B-rated 

develop and implement an eResearch strategy to guide 

researchers increased from 26 to 35. Overall, the 

and coordinate activities in support of this area. 

proportion of academic staff with NRF research ratings  

Notwithstanding the shortcomings of the global 

and with doctoral degree qualifications also increased. 

university ranking systems, UWC continues to feature 

During this period, SARChI chairholders also increased, 

among the top 150 institutions in the Times Higher 

from 13 to 18. Enrolment targets for master’s and doctoral 

Education Emerging Economies University Rankings, 

students were exceeded slightly, and postdoctoral 

coming in at 126 in the 2021 rankings. UWC has a number 

fellowships increased from 110 in 2016 to 137 in 2018. 

of externally recognised areas of research excellence.  

International research partnerships also continued to 

In 2016, the University was ranked first in physical 

grow over this period, and it is encouraging to note that 

science by Nature’s Index for the whole of Africa. The 

good progress has been reported for the support role 

University hosts the SARChI Professor in Astronomy and 

provided to Principal Investigators by the Grants & 

Astrophysics, which are major research areas in the 

Contracts Division of UWC’s Department of Finance. 

Physics Department, which is also a partner in the 

During this period, the University Capacity 

Square Kilometre Array (SKA). There also are strong 

Development Programme (UCDP) of the Department  

research groups in the Science Faculty that focus on 

of Higher Education and Training (DHET) also provided 

hydrogen fuel cell technology. UWC’s school of public 

grant funding for several initiatives that support 

health is designated as a WHO Collaborating Centre for 

academic staff in different stages of their academic 

Research and Training in Human Resource for Health 

careers. UWC also manages, on behalf of the DHET,  

Development. The University hosts the NRF Centre of 

two national UCDP projects that are aimed specifically  

Excellence in Food Security and the UNESCO Chair in 

at supporting emerging and female academics. The 

African Food Systems. The Centre for Humanities 

DHET’s Historically Disadvantaged Development Grant 

Research is the only humanities centre in the country  

(HDI-DG), now renamed the Sibusiso Bengu Development 

to enjoy the status of a DSI-NRF flagship. UWC, in 

Programme, supported the development of a number  

partnership with the Robben Island Museum, hosts  

of emerging niche areas, a new postgraduate offering  

the Mayibuye Archives, which together with the other 

in eLogistics and a partnership with an international 

archival collections of the University will be relocated  

partner that resulted, amongst others, in a new 

to the new state-of-the-art Archives Building (see Goal 

postgraduate programme offering in Augmented  

Area 7) in the coming period, giving renewed impetus to 

Reality and Virtual Reality. The HDI-DG also helped 

archival-based research in the arts and humanities and 

increase the University Library’s e-capacity and 

beyond. UWC also has demonstrated capacity in policy 

provided additional funding for international journal  

research in areas such as poverty, land and agrarian 

and database subscriptions, including Scopus and  

35

Connecting Possibilitiesthe Web of Science. This has assisted, in particular, to augment the 

further strengthen the University’s research and innovation efforts, 

Library’s capacity to provide bibliometric support to researchers 

the broader economic environment within which this has to be 

applying for NRF ratings and major grant funding.

considered is a source of great concern. In the aftermath of the 

In 2020, the Council on Higher Education (CHE) conducted a 

COVID-19 crisis, government subsidy to universities is unlikely to 

national review of doctoral programmes. The preparation of UWC’s 

increase (in real terms) in the next five years. Given that, at the  

self-evaluation report, which informed the review, was a valuable 

best of times, the National Research Foundation (NRF) is only able to 

process of self-reflection to identify areas for improvement. 

support a relatively small proportion of the postgraduates enrolled  

At the end of 2019, the Centre for Research on Science and 

in the system, the NRF’s new policy for postgraduate funding is  

Technology (CREST) released the findings of a comprehensive national 

likely to result in a further reduction in postgraduate support. 

study that looked at the quality of research outputs in South Africa. 

Furthermore, the significant reductions in the budgets of the national 

Following the study, Prof Johann Mouton, who led the national study, 

science councils are likely to put a squeeze on the funding available 

prepared a report for UWC, focusing on UWC’s research outputs by 

for the purchase of expensive research equipment. And, in the likely 

permanent instruction and research staff (PIRS) in the context of the 

event of a weakening of the currency against the dollar or other major 

national study. The findings indicated that, in terms of per capita 

currencies, the resultant strain on University finances is likely to affect 

publication output and normalised knowledge output,3 UWC was 

the acquisition of library, ICT and research equipment, as well as 

ranked 11th and 12th, respectively. These findings are replicated in the 

regional and international travel, amongst others. This presents a 

latest DHET research output report for the sector, published in 2021, in 

big challenge for a resource-constrained institution such as UWC.  

which UWC was ranked 11th in relation to weighted per capita research 

To counter some of these challenges, the library is working on 

output for 2019. In terms of publication subsidy units, UWC recorded a 

alternative avenues to support research, including Open Access 

steady and significant increase, with its share of the sector’s total 

Publishing, Open Access Research Resources, etc. However, Open 

publication output in 1990 at 0.9%, increasing to 2.6% in 2017. PhD 

Access initiatives need to be embedded and embraced by the 

graduate numbers increased from 14 in 1998 to 120 in 2017, 

institutional workflows and adherence to sharing and caring for 

representing a compound annual growth rate of 11.34%, the 

societal values. 

second-highest of all universities over this period. The normalised 

And, as the global financial impact of COVID-19 begins to  

doctoral output indicator divides the number of doctoral graduates 

have an effect on international donor funding, there are already 

by permanent academic staff with PhDs. In the recently released DHET 

signs that some donors and foundations that have traditionally 

research output report, UWC was ranked 12th in 2019, with a value of 

supported research and scholarship in South Africa are reviewing 

0.31 in relation to this indicator, meaning that doctorate staff 

and also refocusing their investment priorities. 

members at UWC produce, on average, one PhD graduate every three 

Notwithstanding the funding challenges facing universities, 

years, which is below the sector average of 0.36. In contrast, UWC is 

UWC has provided support to nascent research initiatives through 

ranked 5th in the same report in relation to the proportion of its 

the provision of seed funding for pilot research projects that could 

permanent academics with doctoral degrees. Taken together, these 

lay the basis for formative work in developing larger project proposals. 

metrics show that, while UWC has performed admirably in recruiting 

In relation to the South African higher education policy and 

academics with PhDs or encouraging those without to obtain the 

regulatory environment, the establishment of the Ministry of Higher 

qualification, more work needs to be done in improving the 

Education, Science and Technology in May 2019 through the bringing 

publications and PhD graduation output of the University.

together of the Department of Higher Education & Training (DHET) 

When preparing this IOP and considering approaches to 

and the Department of Science & Technology (DST) was intended to 

3. All publication and graduate outputs divided by headcount of permanent instruction and research staff

36

IOP 2021 - 2025signal greater policy and regulatory coordination between the two 

departments. However, the extent to which this development is 

likely to affect research policy and funding is yet to be seen. A 

number of policy processes are under way that may affect research  

in the coming period. Significant work has been done towards the 

development of a National Plan for Post-School Education and 

Training, which was due to be released in 2019, but is still awaited. 

To date, there has also been little progress towards a national policy 

for the differentiation of universities. As such, there are no criteria 

in policy for the designation of research universities and, in the 

absence of such criteria, it remains important for each university to 

set its own goals and targets. Other developments include a review of 

South Africa’s higher education, science, technology and innovation 

institutional landscape, and the development of a “Decadal Plan for 

Science, Technology and Innovation”. The findings of the national 

review of doctoral qualifications that was mentioned earlier may 

also influence the future funding of doctoral programmes and other 

policy parameters governing the qualification. 

While UWC is deeply rooted in its local context, it is 

necessary for any university that aspires to be research-led to  

work very hard in building strong international partnerships and 

striving to enrich its institutional context through international 

students and staff, and visiting staff. Indeed, studies have shown 

that one of the key characteristics of leading research universities  

is their ability and record in recruiting international academics and 

students. In other words, universities that rely principally on their 

own undergraduates to continue into graduate programmes or that 

recruit primarily from their own graduates to join the academic 

ranks are unlikely to become leading research universities.4 Further,  

a 2007 survey of European universities also found an inverse 

correlation between endogamy (academic inbreeding) in hiring 

practices and research standing: the universities with the highest 

degree of endogamy did less well with respect to research 

performance.5 Whilst the focus remains on retaining our talented 

undergraduate students for postgraduate studies and “growing our 

own timber” in terms of emerging academics remain important, 

initiatives to recruit postgraduate students and academics from 

4. Salmi, J. (2009) World-Class Universities. Washington, DC: The World Bank 
5. Aghion, P et al. (2008) Higher Aspirations: An Agenda for Reforming European Universities. Brussels: Bruegel

37

Connecting Possibilitiesbeyond UWC and our own borders are increasingly important in 

several divisions and offices that support innovation, and these 

giving effect to our internationalisation focus and the diversity  

include the Technology Transfer Office, the Business Development 

of our student and staff bodies. 

Office, and the Centre for Entrepreneurship and Innovation. In 

UWC has many longstanding and mutually beneficial 

addition, the CoLab has been an active role-player in social 

international partnerships, and these are sustained in different 

innovation partnerships and activities at the University. Of crucial 

ways, but relationships between individual academics are at the  

importance in this area is the founding of a wholly owned private 

core of all meaningful knowledge-driven partnerships. The COVID-19 

company, UWC Innovations (Pty) Ltd, which was established to 

pandemic has seriously affected the flow of postgraduate students, 

promote and facilitate the commercialisation of UWC’s intellectual 

postdoctoral fellows and researchers across borders, and this is 

property through the creation of spinout companies in which UWC 

likely to remain constrained until the pandemic is brought under 

Innovations will hold equity on behalf of the University. The first 

control. However, the extensive use of online platforms that was 

technology spinout company in which UWC holds equity, as well as  

precipitated by the pandemic does offer new possibilities for 

its first not-for-profit company (NPC), of which UWC has majority 

building international (and national) networks without always  

membership, has been established. 

having to incur travel and other opportunity costs.

Through activities and initiatives undertaken by some 

INNOVATION

academic departments and research units, UWC has made good 

progress in developing innovation-focused collaborative partnerships 

This goal area also focuses on innovation and the relationship 

in the preceding IOP cycle. In particular, UWC has forged strong 

between innovation and research. According to the 2019 White  

partnerships with government, specifically the Department of 

Paper on Science, Technology and Innovation, “Innovation comprises 

Science and Innovation (DSI) and its agencies, namely the National 

the implementation of a new or significantly improved product  

Intellectual Property Management Office (NIPMO) and the Technology 

(good or service) or process, or a new marketing method, or a new 

Innovation Agency (TIA). A prime example in this regard is the 

organisational model in business practice, workplace organisation  

Hydrogen and Fuel Cell Vehicle Programme, located in UWC’s 

or external relations”.6 Flowing from this definition are different  

Hydrogen South Africa Systems Integration Competence Centre, 

types or forms of innovation, namely: (i) the development of new  

through which two high-profile demonstration projects have been 

or improved products, processes and services derived from new 

launched. The first project, a small fleet of hydrogen-powered 

ideas and inventions emanating from research and development 

scooters, will be trialled as part of the South African Post Office’s 

initiatives (R&D); (ii) the development of ideas and interventions 

Cape Mail Hub delivery vehicle fleet, and the second project is a 

(products, services and models) that meet social needs and create 

hydrogen-powered forklift — the first to be produced in South Africa. 

new social value, relationships or collaborations; and (iii) the 

Both launches have been well supported by the DSI. 

development and implementation of ideas that give rise to new  

In partnership with the Technology Innovation Agency (TIA), 

or improved organisational processes and services. For the purpose  

UWC has also established a Seed Fund to develop early-stage 

of this IOP, therefore, innovation is understood as the development 

technologies through the commercialisation value chain. At the  

and implementation of new or improved products, processes and 

time of preparing this IOP, more than R10 million has been invested 

services that are derived from the generation of new ideas, resulting  

through the Seed Fund in support of 22 projects. UWC has also 

in the creation of social and/or economic value.

secured R14 million from the DSI-funded Strategic Health Innovation 

In order to support innovation, the necessary infrastructure 

Partnership (SHIP), which is administered by the South African 

required to facilitate it needs to be identified. The University has 

Medical Research Council (SAMRC). The provision of a grant of 

6. Department of Science and Technology (2019) White Paper on Science, Technology and Innovation, iv

38

IOP 2021 - 2025almost R9 million from the DSI’s National Intellectual Property 

Management Office (NIPMO) to support the activities of the 

Technology Transfer Office (TTO) has enabled the commercialisation  

of UWC’s intellectual property through the signing of a number  

of licences with third parties, through which the University is 

beginning to receive monetary benefits. 

The COVID-19 pandemic has given rise to global health, social 

and economic upheaval of unprecedented proportions, and it is 

clear that its effects will continue to be felt for years to come. The 

pandemic has been a stark reminder of the scourge of poverty and 

inequality that continues to be a feature of South African society. 

However, this crisis also provides the opportunity for the country  

to re-imagine its future direction. The White Paper on Science and 

Technology refers to the concept of responsible research and 

innovation (RRI) as being concerned with producing ethically 

acceptable, sustainable and socially desirable research and 

innovation outcomes. RRI is underpinned by the principle that 

research and innovation need to be responsive to a wide range  

of stakeholders and societal challenges, and be sensitive to the 

values, needs and expectations of South Africans.7 Consonant with  

this principle, UWC wishes to strengthen its research and innovation 

focus and, aligned with its mission and informed by its values, to 

refocus its research endeavours as part of its commitment to  

social justice, the reduction of inequality, and the building of a 

humane and equitable society.

Building on past success, the focus in this goal area will be on:

1. Developing strategies to further strengthen  

UWC’s research profile

In the introduction to this goal area, reference was made to UWC’s 

performance in the national public higher education sector and the 

lack of direction nationally regarding the differentiation of universities 

in South Africa. While UWC is proud of the progress it has made, it is 

clear that there is still much work to be done. Currently, the pool of 

UWC staff actively involved in research is low relative to the group  

of universities against which UWC benchmarks itself. Increasing 

7. Department of Science and Technology (2019) White Paper on Science, Technology and Innovation, 12

39

Connecting Possibilitiesresearch outputs and strengthening UWC’s position as a research-

led university will not be achieved unless there is growth in the pool 

of research-active academic staff. It is also recognised that the goal 

of becoming a research-led university must go beyond a narrow focus 

on measurable metrics to include critical success factors such as 

the extent to which UWC is able to transform its institutional culture 

and practices so that these are more supportive of its staff and 

responsive to the needs of a rapidly changing world. 

While the University has demonstrable research strengths  

in a number of research areas, there is an urgent need for the 

development of a clearly articulated, institution-wide research 

agenda that will be supported by a strategy that facilitates the 

identification, formal recognition and provision of strategic support  

to a set of agreed research niche areas. Despite the challenges 

posed by a constrained funding environment, funding opportunities 

continue to exist for collaborative multi- and transdisciplinary 

research initiatives that address key global challenges such as 

poverty and inequality, access to health care, climate change and 

environmental sustainability, food security, migration, big data 

management and stewardship, etc. For such an institution-wide 

research agenda and strategy to have the desired outcome and 

effect, leadership and commitment at central, faculty and 

departmental levels is a sine qua non. It is also recognised that  

the success of such a strategy will require formal leadership 

support and a shared commitment to the garnering of internal  

and external resources, as well as ensuring that there is a 

supportive (policy, governance, management and administration) 

environment in place in which creativity can flourish.

In this regard, UWC will:

• 

 Develop a research agenda that is premised on the identification 

and specification of a core set of transdisciplinary research 

themes for the University. Existing research strengths will be 

an important point of departure for such an exercise, and 

should be informed by the potential for:

– 

 building on existing synergies/collaboration across 

disciplines and faculties,

40

IOP 2021 - 2025 
– 

 enhancing strategic collaboration with local, national  

2. Establishing a supportive and enabling research environment

and international research partners,

Research-intensive universities are characterised by highly complex 

– 

 forging alignment with local, national and/or global 

research administration and management systems (RAMS) that are 

priorities such as the United Nations’ Sustainable 

dependent on the expertise and services of a range of competent 

Development Goals,

professional staff. The existence of a well-integrated research 

 support from funding partners,

support architecture that involves the Research Office, the Human 

 contributing to innovation in all its forms, and

Resources Department, Legal Services, the Information and 

 providing opportunities for nurturing postgraduate 

Communication Systems Department and the Finance Department  

– 

– 

– 

students and emerging scholars.

is critical for creating and sustaining an enabling research 

• 

 Develop clear criteria for the identification, recognition and 

environment. Although UWC has worked hard to build its capacity  

support of research niche areas that will support the research 

to support its growing research base, especially given the historical 

agenda of the University. There will be a need to assess the 

legacy of under-resourcing in this area, much work is required to  

extent to which the existing research niche areas conform to 

have the necessary coordinated approach across the various 

these agreed-to criteria, or to require targeted support in 

divisions that provide support to researchers. 

order to perform at the expected levels. Such an assessment 

The Southern African Research and Innovation Management 

will also aim to identify emerging interdisciplinary and cross- 

Association (SARIMA) has developed a useful competency framework 

faculty opportunities for intellectual exchange and debate 

for research management professionals. The SARIMA framework 

that could form the basis for the development of new trans-

considers aspects such as research planning, strategy and policy 

disciplinary research themes (see above).

development; researcher development; partnerships and collaboration; 

• 

 Give focused attention to building a critical mass of active 

research funding; research ethics and integrity; management of funded 

researchers beyond the relatively few high performers who  

research; research data and research information management; and 

are overstretched. In this regard, concerted efforts must be 

research uptake, utilisation and impact. 

made to improve research publication outputs. 

• 

 Through recognising that different kinds of interventions and 

In this regard, UWC will:

incentives will be required to support academics at different 

• 

 Finalise the Senate review of the University’s research 

stages of their research careers, will require each faculty to 

administration and management systems (RAMS) and  

develop strategies (with clear objectives and outcomes) that 

develop an improvement plan with clear timelines.

will target:

• 

 Develop an effective and sustainable research support 

– 

– 

– 

 emerging researchers,

 mid-career researchers, and

framework in which the different elements of the research 

administration and management system work in synergy  

 established and leading researchers.

to support the University’s research agenda. 

• 

 Develop strategies at the faculty and department levels to 

• 

 Actively work towards shifting the research support 

attract and increase postdoctoral fellows, especially in those 

environment from one driven by compliance to one that  

research niche areas targeted for focused attention and support.

values the principles of accountability and transparency,  

• 

 Develop strategies to support emerging and mid-career 

with the appropriate levels of monitoring and evaluation 

researchers to improve their research profile by gaining 

in place. As part of this focus, attention will be given to 

recognition through NRF research ratings.

establishing greater levels of trust and understanding 

41

Connecting Possibilities 
 
 
 
 
 
 
 
between researchers and managers involved in research 

short of the targets set. While UWC’s overall performance in terms  

administration and support services.

of time-to-degree of masters and doctoral students compares 

• 

 Develop and implement an eResearch strategy to guide  

favourably with national benchmarks, some areas require targeted 

and coordinate activities in support of this area.

attention. One of the factors that affects the differential time-to-

completion rates is the uneven spread of supervision responsibilities 

3. Improving UWC’s postgraduate enrolment and retention and 

amongst academic staff. A recently completed review of postgraduate 

creating a conducive environment for postgraduate students 

research degree programmes at UWC showed the wide variation in 

Part of being a research-led university implies that a university will 

supervision loads in 2018 where, at one extreme, the majority of 

have a significant proportion of its students enrolled in postgraduate 

academics supervised one PhD student and, at the other extreme, 

programmes, and especially at master’s and doctoral level. Honours 

one supervisor had 23 PhD students. It is clear from the review that 

degrees are important qualifications that form the pipeline to 

this is an area that requires urgent attention.

masters degrees for students who are not enrolled for professional 

Given that government funding at postgraduate level is linked 

programmes at the undergraduate level. Postgraduate diplomas 

to graduate outputs, UWC has to improve academic administration 

often also cater for students from more than one undergraduate 

systems relating to postgraduate students to better support the 

disciplinary background and, at UWC, such offerings include 

postgraduate lifecycle and to assist with timeous interventions that 

programmes that focus on new, multidisciplinary areas that have 

could reduce attrition and support completion. Creating a conducive 

emerged in response to the fast-developing digital and technology 

environment and understanding the needs of postgraduate students 

landscape. Programmes delivered at honours level are considered  

as part of a broader student community are important factors in 

to be postgraduate programmes, but are largely taught programmes 

being able to attract and retain students. As part of UWC’s reflection  

and therefore become an important intersection between the 

in preparation for the CHE’s doctoral review process, a number of 

portfolios of the DVCs Academic and Research & Innovation and 

areas were identified for strengthening in support of recruitment, 

require greater coordination between these portfolios. 

retention and throughput of doctoral students, and some of these 

As indicated earlier, UWC has performed well in terms of 

apply more broadly to postgraduate students and are included below.

meeting its enrolment targets for masters and doctoral students. 

However, because the honours and postgraduate diploma targets 

In this regard, UWC will:

have not been met recently, overall postgraduate enrolment targets 

• 

 Attend to the application processes for programme accreditation 

were not attained. A number of programmes at the honours level 

of targeted programmes to be offered via online platforms as 

have been earmarked for online delivery as part of a shift to the 

distance offerings and redesign the curriculum for this purpose.

provision of blended learning by UWC, but progress in terms of its 

• 

 Reconfigure the Marks Administration System and SASI 

implementation has been slow, something that may have had an 

systems to also include the automation of postgraduate 

adverse effect on the attainment of enrolment targets. Although 

student administration functions that will support the full 

enrolment targets (at the masters and doctoral levels) are largely 

postgraduate student lifecycle.

met, UWC does not, however, have an explicit strategy for the 

coordinated recruitment and selection of high-quality students for 

postgraduate programmes. The under-enrolment at the honours 

• 

• 

 Improve the academic administration processes in relation  

to postgraduate students from recruitment to graduation. 

 Improve coordination and support between the different  

level, which comprises mostly one-year programmes, has had a 

DVC portfolios to improve the support of honours-level 

direct effect on annual graduation numbers, which have fallen 

programmes.

42

IOP 2021 - 2025• 

• 

 Develop strategies to increase supervisory capacity and 

improve supervision practices.

 Develop clear guidelines (at faculty and departmental levels) 

with regard to postgraduate supervision loads and identify 

strategies to improve throughput challenges at the masters 

and doctoral levels.

• 

 Improve the monitoring of postgraduate students’ progress 

towards degree completion, especially at the doctoral level.

4. Expanding UWC’s innovation focus and strengthening  

its innovation capacity

In order to strengthen and grow UWC’s capacity for innovation, 

attention will be given to developing policies, support structures 

and systems to realise economic and social benefit through the 

generation of new ideas that result in new or improved products, 

services and (organisational) processes.

UWC has good examples of the value of multi- or trans-

disciplinary approaches in research, but this is not necessarily  

as strongly embedded in relation to innovation, where concrete 

collaboration across disciplines can be a distinguishing strength. 

Innovation does not happen in isolation and requires 

partnerships across different spheres of the public and private 

sectors. Over the last few years, UWC has managed to improve 

relationships with various industry roleplayers, but there is  

still a lot of room to expand such relationships and develop 

mutually beneficial, innovation-focused partnerships.

In this regard, UWC will:

• 

 Use the forthcoming Integrated Innovation Strategy for the 

University as the basis for initiating a university-wide dialogue 

on the vision and shared understanding that must underpin 

innovation across all sectors of the University.

 Revisit existing policies, identify policy gaps and address 

these as they relate to the area of innovation.

 Where appropriate, include a focus on innovation as part  

of the transdisciplinary research themes.

 Strengthen existing partnerships and explore new 

• 

• 

• 

partnerships with other universities, industry, government 

and the broader society in order to advance the University’s 

focus on the effective development and implementation of 

new technological and social ideas and products in support  

of the public good.

43

Connecting PossibilitiesGoal Area 4: 
People Framework

To continue to position the University of the Western 

Vision 2035 will again depend on those characteristics  

Cape as an employer of choice through a dynamic and 

of its staff. Recognising that attracting and retaining 

supportive work environment and a resilient culture  

high-quality staff is a defining factor in the University’s 

that embraces diversity, inclusivity and excellence.

success and in the success of its students, UWC seeks  

The People Framework is primarily an enabling 

to offer a working environment that is rewarding and 

goal in support of the core goals of the IOP, namely: 

fulfilling. It is committed to deploying staff wisely, 

Student Experience, Learning and Teaching, and Research 

developing their capacity, creating conditions in which 

and Innovation. It should therefore be read in conjunction 

they are able to work optimally, and reflecting on 

with the broader strategic aspirations of the University. 

performance to address difficulties and acknowledge 

UWC’s sustained performance in recent years  

achievement.

has been realised in large measure due to the quality, 

Change is the order of the day. UWC is a large 

commitment and hard work of its staff. Achieving the 

university with more students and staff than ever before 

strategic objectives of this new IOP and realising UWC’s 

in its history, and staff and student growth will continue 

44

IOP 2021 - 2025over this IOP period. To the challenges of growth must 

processes, UWC ringfenced funds for the targeted 

be added the challenges of the changing world of work 

recruitment of black (African) professors. The new 

for both academic and professional support staff.  

Generation of Academics Programme (nGAP) 

The increase in staff numbers, combined with new 

initiated by the DHET also supported the 

technological advances and new ways of working with  

recruitment and appointment of emerging  

and relating to colleagues, has significant implications  

African academics into strategic fields. Through  

for the University and the institutional culture it wants  

the University Capacity Development Programme  

to create. In addition, the governance and decision-

of the DHET, the development of emerging 

making processes within universities increasingly  

academics — with a focus on female and African 

reflect the complex, multi-stakeholder interests that  

academics — was also supported (also see Goal 

have a direct effect on their effective functioning. 

Areas 2 and 3). The University’s Employment Equity 

 During this IOP, UWC will continue its strategic 

Plan 2020-2025 was also completed in 2020 and 

approach to: (i) achieve a proper fit between the staffing 

progress in its implementation will be tracked 

profile, the competency requirements and University-

during this IOP period. 

wide strategic goals; (ii) manage diversity and make 

• 

 The implementation of an eRecruitment system in 

progress towards greater employment equity, while also 

2016 that assisted in expanding UWC’s recruitment 

attending to the need to attract staff internationally;  

reach and improved turnaround times of its 

(iii) create a more conducive organisational culture and 

recruitment processes.

support an institutional climate geared towards strategic 

• 

 Attention to the safety of staff. Gender-based 

goal attainment; (iv) refine and link UWC’s reward strategy 

violence on university campuses is a deeply 

to its overall strategic attainment and its performance 

concerning threat to safety and, in addition to  

appraisal; and (v) modernise and improve the operational 

the physical infrastructure improvements made  

efficiency in support of effective human resources 

to improve safety, the University also undertook  

management. 

a review of existing policies and frameworks to 

curb sexual harassment and gender-based 

During the previous IOP cycle, some of the initiatives  

violence, as well as to safeguard the needs of 

in support of this goal area were:

people living with disabilities. 

• 

 A focus on staff development in which a 

• 

 Building and maintaining sound employee 

comprehensive staff development programme  

relations and promoting a positive workplace 

was rolled out that was aimed at supporting the 

environment remain important matters on the 

delivery of the different IOP objectives. A revised 

agenda of engagements between the executive 

strategy for coaching practices was also initiated  

management and the UWC Employees Union 

as an integral part of leadership development 

(UWCEU), the recently launched staff union.

initiatives.

• 

I n terms of access to further education and training, 

• 

 Employment equity (EE) remained an important 

UWC extended its staff rebate agreements with CPUT 

focus and, in addition to the targets in the EE Plan 

and UCT. The CPUT agreement includes outsourced 

and the University’s recruitment and appointment 

workers, who enjoy a 100% rebate benefit at UWC. 

45

Connecting Possibilities• 

 The conclusion of the conversion of employees from the UWC 

Lessons learned from the prolonged period of social distancing  

Defined Benefit Fund to the UWC Defined Contribution Fund 

and remote work have provided a steep learning curve and have 

and the people processes were handled with care to mitigate 

significantly affected the nature and conditions of the working 

risks such as a significant staff turnover or the unforeseen loss 

environment. This could fundamentally impact the approach to  

of critical staff.

work spaces and work processes and, going forward, will require  

• 

 UWC continued participation in Remchannel, an internet-based 

a careful assessment of the suitability and flexibility of such 

remuneration survey to monitor and align the University’s 

arrangements for the different types of roles at UWC. Secondly,  

rewards strategy with good practice in the sector whilst being 

the digitisation and digitalisation8 of the working environment is  

mindful of the institution’s financial realities. Staff costs were 

likely to have a significant influence on the nature and speed of  

managed within the national cost norms, and the University’s 

work, increasingly making some manual functions obsolete. Thirdly,  

accelerated promotions process for academic staff was used 

the combination of work pressure, blurred work-life boundaries,  

successfully in a number of instances to retain staff.

and personal anxiety about health and safety may increase the  

• 

 In a context of ongoing student growth, UWC maintained a 

need for deliberate staff-engagement strategies. Fourthly, changes  

stable full-time equivalent student-to-staff ratio that compares 

in the regulatory environment, such as privacy rights under POPIA, 

favourably with most of the other traditional South African 

may render the University exposed. And, finally, with salaries being 

universities (staff included in this ratio are permanent instruction 

the largest budget item, the people component is closely bound to  

and research staff).

the University’s financial sustainability.

• 

 Focusing on building capacity and capabilities through 

deliberate recruitment and development activities by way  

Building on past successes, the focus in this goal area will be to:

of the development of People Plans, which have been 

developed by all faculties and divisions. 

1. Attract, retain and engage excellent talent through creating  

• 

 The Human Resources Department also worked with  

a conducive work environment 

a significant number of stakeholders to develop an 

The University recognises the critical nature of talent management 

Administration Design Project to better understand the  

across the institution to create an environment in which individuals  

changing roles and responsibilities of administrative  

are able to support strategic objectives and optimise strategic 

staff in faculties. The implementation of this project 

opportunities. As a research-led university in an increasingly 

commenced in 2019. 

competitive environment, UWC will need to demonstrate foresight  

• 

 In support of improved operational efficiency, effective human 

and implement a set of integrated processes to differentiate itself. 

resources management and improving integration between 

Through a Talent Management Framework, UWC will pay closer 

systems, the University embarked on an integrated enterprise 

attention to the integration of institutional objectives and human 

resources planning (ERP) system that combines finance and 

resource processes in order to achieve greater value from its 

human resource functions. Further refinement and integration 

recruitment and retention of and engagement with employees. 

are required for the campus community to experience the 

Unlike the standard HR processes for the filing of vacancies, a  

improvements and benefits of the process.

talent management focus will require the involvement of senior 

leaders within the University to cultivate top talent, forge closer  

Over the next period, a number of internal and external factors will 

ties with agencies nationally and internationally, and link these  

continue to influence the priorities articulated in the sections below. 

to succession planning. 

8. Digitisation is the conversion of analogue/paper-based work to a digital form, whereas digitalisation is the use of technologies and digitised data to influence the business  
or ways in which work gets done

46

IOP 2021 - 2025People want to work for an institution that they can be  

proud of. UWC recognises that its ability to compete for top talent 

(researchers, academics and professionals), especially in globally 

scarce-skills areas, will require a better understanding of applicants’ 

and employees’ motivations, expectations and perceptions of UWC  

as a potential workplace. 

UWC also needs an Employment Value Proposition (EVP) that 

defines the essence of what the University stands for, what sets it 

apart from its peers and why it should be considered as an employer  

of choice. A high-level EVP will also require further segmentation 

and customisation as a living document to speak to various audiences, 

each with their expectations. 

Although UWC has a relatively low staff turnover, it recognises 

the value of engaging with staff meaningfully and the continuous 

need to employ strategies to retain and develop its staff. This 

challenge of engagement is particularly compounded by the scale  

and distribution of staff working at multiple campus sites and 

working from home through flexible working arrangements. 

Disengaged employees are likely to take less responsibility, 

ownership and agency. UWC will encourage the use of the 

employment value proposition as a motivational tool for 

engagement and to connect employees’ respective roles to  

the University’s mission and core values, and to provide recognition 

and encourage collaboration with colleagues and peers. In doing  

so, it will help address shortcomings in another area in need of 

improvement: meaningful engagement and communication with 

prospective and existing staff. 

In this regard, UWC will:

• 

 Revise and implement a University-wide Talent Stewardship 

Framework (TSF) to emphasise the critical connection 

between talent and the attainment of key University 

strategies. The TSF will assist, amongst others, to proactively 

identify key positions that will differentially add value  

to UWC’s long-term future.

• 

 Develop strategies to attract and retain top talent to support 

the strategic imperatives articulated in various goal areas of 

47

Connecting Possibilitiesthis IOP, and specifically in support of increasingly positioning 

will be addressed in this IOP period. As part of a focus on diversifying 

UWC as a research-led university.

staff, ongoing attention will also be given to the age, gender and 

• 

 Continue to align staff development processes with the 

nationality of staff. In the midst of the COVID-19 pandemic, the 

strategic intentions of the IOP and in support of the 

recruitment and appointment of international staff also pose various 

institution’s 2035 vision.

challenges that require more focused attention to remain internally 

• 

 Refine the People Plans of faculties and professional, 

competitive. 

administrative and support staff (PASS) units to plan for  

During this period, a Performance Development System (PDS) 

and identify pivotal, high-value-added academic, research  

will be implemented to enhance the learning process, involve and 

and professional support roles that are crucial to realising 

engage all staff in people development issues and embed a culture 

UWC’s strategic intent.

of performance that links people management, professional support 

• 

 Develop a process to engage current and prospective employees 

and development to the attainment of UWC’s strategic goals. Key to 

in increasing the institutional understanding of the factors 

the success of a PDS is enabling individuals to better understand 

and/or benefits (tangible and intangible) that motivate or 

their roles and functions in relation to UWC’s broader strategies. The 

stimulate the choices of different generations of highly capable 

PDS will not only support the University’s vision of being a reflective 

individuals, which could include, but are not limited to, factors 

learning institution but will also recognise the need for collaboration 

such as compensation, location, work-life balance and career 

and the importance of working across functional units and departments.

pathing.

• 

 Develop a differentiated employee value proposition (EVP) as a 

In this regard, UWC will:

tool to compete for and attract highly capable people to UWC.

• 

 Pay focused attention to the implementation of its EE Plan and 

the following areas in the Plan earmarked for improvement:

2. Promote employment equity and diversity

– 

 review and monitor recruitment and selection procedures  

The spirit of UWC’s equity and diversity approach is set out in its 

at all levels; 

Mission and Values statements. These principles are congruent  

– 

 attend to the findings of the Culture & Climate Survey and 

with the transformation objectives as enshrined in the Constitution 

have a follow-up survey;

and other legislation. The University stands to benefit vastly from 

conscious, dedicated efforts to diversify its staffing profile, achieve 

greater employment equity and recruit and cultivate the next 

generation of talented academics, researchers and professional  

and support staff. Transforming the University administration and 

– 

– 

– 

– 

 raise awareness of diversity and EE; 

 attend to the career development and retention of 

EE-designated employees; 

 develop a Succession Plan linked to the EE Plan; and 

 review and improve the work environment.

preparing the next generation of black and women scientists in 

• 

 Streamline processes associated with the appointment of 

niche areas are vital to this goal. 

international staff and focus on building relationships with  

UWC will continue to pay focused attention to employment 

key national departments involved in various aspects of the 

equity and to diversifying its staffing profile, with a specific focus  

process of appointing international staff (such as the issuing  

on addressing the under-representation of black African staff and 

of work permits, etc.).

women, especially in senior positions. UWC’s 2020–2025 EE Plan 

• 

 Revisit staff development activities to improve alignment with 

commits the University to a number of numerical targets and has 

the requirements of the IOP goal areas and the skills required 

identified a number of barriers to achieving the targets, and these 

to support the cross-cutting areas.

48

IOP 2021 - 2025 
 
 
 
 
 
• 

 Implement a Performance Development System as part of 

embedding a culture of sustained performance and ongoing 

learning.

3. Create a workplace climate and culture that value individuals, 

promote health and well-being and facilitate meaningful employee 

engagement

Consistent with a previous survey, the 2018-19 employee Culture and 

Climate survey identified several positive traits, but also highlighted  

a number of concerns pertaining to the organisational culture that 

lead to an erosion of trust and, if left unattended, can become 

destructive to the overall University. 

The University leadership is committed to addressing 

concerns raised by staff about the pervasiveness of bureaucratic 

practices. These challenges have been amplified by researchers.  

To address these concerns as a matter of urgency, leadership has 

commissioned an independent expert to advise on decentralisation, 

linked to appropriate accountability measures, as part of a  

potential solution. 

Goal Area 8 highlights the importance of values-based 

leadership and good governance principles as contributors to the 

desired organisational culture. Aligned with the University’s values 

statement, employees at all levels of the organisation will be 

encouraged to live and model these values and behaviours in their 

engagement with each other, students and external stakeholders. 

Over the next period, the University will encourage employees 

at all levels across the institution to rally behind the Vision 2035 and 

to help clarify individual and functional roles and responsibilities 

for the successful implementation of the goals of the IOP. 

The health, well-being and mental health of staff and 

students are a growing concern and remain an absolute priority.  

The contextual factors facing the University have resulted in an 

increasingly complex and uncertain operating environment and a  

more pressing concern about the general well-being and mental 

health of employees and students. In 2020, under the Disaster 

Management Act, all institutions were compelled to implement  

some form of remote work in the context of the pandemic. UWC 

49

Connecting Possibilitiesadopted a flexi-time and flexi-place policy to accommodate flexible 

working hours and workplace arrangements for specific categories 

of staff. Understanding that flexible work arrangements are not 

suitable for all positions and situations, UWC will explore and clarify 

the extent to which such will be implemented to support employee 

work-life balance; help attract, retain and motivate staff; and 

increase job satisfaction and people’s ability to handle stress.

The University leadership will foster respectful relationships 

with the employee representative body, based on proactive, open 

communication to discuss and resolve issues. Through such initiatives, 

UWC seeks to build on existing relationships and foster trust between 

employees and supervisors in order to create an open and empowered 

working environment.

In this regard, UWC will:

• 

 Focus on finding sustainable solutions to address the 

institutional culture and behaviours that promote accountability, 

transparency, employee recognition, employee fulfilment, 

coaching/mentoring, collaborative work, open communication 

and career development — identified by staff as important 

focus areas.

• 

 Administer a follow-up Climate and Culture survey towards the 

end of the IOP cycle to measure progress made as a result of 

the corrective measures.

• 

 Address organisational design issues in order to clarify roles, 

responsibilities and interdependencies towards achieving the 

objectives of the IOP in this goal area.

• 

 Appoint a task team to review the effectiveness of UWC’s 

Wellness Strategy, including the Employee Assistance 

Programme, especially in view of the effect of the  

COVID-19 lockdown regulations. 

• 

 On the basis of the team’s findings, the University will  

draw on specialist advice to refine or redevelop the Employee 

Assistance Programme. 

• 

 Use the intranet and other channels to consistently raise 

awareness of the importance of physical and mental health  

to help staff cope more easily with difficult challenges (e.g. 

50

IOP 2021 - 2025grief, anxiety and burnout) in both their personal and 

professional lives.

• 

 Explore and clarify the extent to which flexible work 

arrangements can be implemented to support employee 

work-life balance, help attract, retain and motivate staff,  

and increase job satisfaction and people’s ability to handle 

stress.

• 

 Revisit existing policies and policy gaps in support of an 

institutional culture that reflects a people-centred focus.

4. Refine its reward strategy to improve alignment with best 

practice in the sector whilst being mindful of UWC’s financial 

realities

The revision and refinement of UWC’s reward strategy are aimed at 

achieving the University’s strategic goals and objectives. The 2016-2020 

IOP promised to constantly review the appropriateness of the reward 

strategy so that it can keep pace with good practice and better align it 

with the strategic objectives, but this unfortunately did not happen. 

In an increasingly competitive environment, the purpose  

of an effective reward strategy is not only to be able to compete 

successfully in attracting talent but, equally important, to avoid 

losing key staff to other institutions. An effective strategy will  

help to drive a healthy institutional culture, influence appropriate 

behaviours and ultimately help the University achieve its strategic 

objectives.

In this regard, UWC will:

• 

 Conduct a national benchmarking exercise within the HE 

sector to compare and implement best practices to ensure 

that remuneration is fair and equitable across the University.

• 

 Review critical scarce skills and niche areas in terms of 

rewards and benefits with a view to attract and retain 

• 

• 

high-calibre talent to the University.

 Review the benefits structure for all fixed-term contracts  

and part-time staff.

 Contain employee remuneration costs within national HE 

norms to ensure UWC’s financial sustainability.

5. Improve operational efficiency in support  

of effective HR management

During the 2016-2020 IOP period, UWC implemented an integrated 

enterprise resource planning system (ERP) to integrate the 

respective human resources and finance systems and to achieve 

greater efficiencies and data integrity. Implementing the shared 

system has started to simplify operations and improve decision-

making, but more work still needs to be done for the HR system  

to become fully automated, better integrated with the finance 

system and more data-driven. The Human Resources Department  

has also enabled a number of processes to shift from manual to 

digital processes. It is important to maintain momentum and  

build a digital culture across the University. 

In this regard, UWC will:

• 

 Identify the most critical initiatives, as well as those that  

will add the most value to internal and external users of the  

HR function, and pool the necessary resources to pilot and 

implement such initiatives.

 Increasingly move away from paper-based processes towards 

digitised processes. 

 Optimise digitalisation opportunities to support data-informed 

• 

• 

staffing decisions.

51

Connecting PossibilitiesGoal Area 5: 
Financial Sustainability

To strengthen UWC’s financial base through efforts to 

time, it requires continued attention to creating the 

optimise state subsidy potential, and to embark actively 

conditions and supporting mechanisms to successfully 

on initiatives to diversify and secure new income streams 

generate additional funds through traditional and non- 

in order to effectively support UWC’s academic mandate, 

traditional avenues. Many factors affect a university’s 

its broader aspirations and strategic priorities, whilst 

revenue, but subsidy income and other revenue generation 

continuing to build reserves for strategic utilisation and 

provide an indication of the progress made in terms of 

supporting UWC’s ongoing financial sustainability. 

implementing strategy. This IOP strongly argues for  

INTRODUCTION

a mission-driven approach to UWC’s core academic  

mandate, supported by behaviours that demonstrate 

Success in this goal area requires a balance of sound 

UWC’s values. Success in this approach can go a long  

financial planning and management to ensure that 

way in strengthening UWC’s relationships with its 

revenue is spent in accordance with agreed budgets  

different stakeholders, including funders and donors. 

and according to appropriate processes. At the same 

The process to develop this IOP kicked off on 9 March 

52

IOP 2021 - 20252020, five days after the first case of the 2019 novel 

through NSFAS, the overall reliance on state funding is 

coronavirus (COVID-19) was confirmed in South Africa.  

high. Compared to the sector, UWC has done relatively 

At that stage, it was impossible to imagine the global 

well in terms of other income (19%), with only six 

impact of COVID-19 on people and their well-being, the 

universities having higher proportions, and these 

significant loss of lives and livelihoods, and the effect  

include the group of well-established former advantaged 

on global and regional economies. At national and 

universities with significant donor funding income. 

organisational levels, budgets had to be reprioritised 

In December 2017, the government announced 

urgently, existing plans had to be adapted and new ones 

significant increases in university funding, but the main 

developed. The South African economy was already 

focus of the additional funding was to fully fund students 

struggling, and the effect of COVID-19 has resulted, 

from low-income families through the NSFAS. UWC benefits 

amongst others, in a sharp decline in economic growth  

from this bold initiative, especially as it would, in the 

and a significant increase in unemployment, further 

medium to long term, assist to reduce student fee debt. 

increasing levels of poverty in an already hugely unequal 

However, the issue of financial support for the “missing 

society. Prior to COVID-19, the country already faced a 

middle”9 category of students, comprising a large 

challenging economic environment, with international 

proportion of UWC’s students, remains unresolved.  

confidence in South Africa plummeting and international 

The economic impact of COVID-19 is affecting the ability  

rating agencies downgrading South Africa to “junk 

of the state to adequately fund higher education  

status”. In the context of higher education, UWC’s 

and honour the NSFAS commitment and, given these 

previous IOP period started with national student 

challenges, the Minister of Higher Education and Training 

protests that continued until mid-2017, and ended  

acknowledged that, “while increasing student funding  

after the first year of the outbreak of the global 

is welcome, it is not sufficient, because if we increase 

pandemic in 2020. In both incidents, this resulted in 

student funding at the expense of the system, we are 

unprecedented disruption at the level of the national 

then shooting ourselves in the foot”.10

system, as well as at an individual university level.

Given the country’s ongoing economic challenges, 

In October 2020, Statistics South Africa published  

it is not clear to what extent funding for higher education 

a high-level comparison of the 2019 revenue sources of 

and research councils will be affected negatively going 

the country’s 26 public universities, distinguishing 

forward, but subsidy is unlikely to significantly increase 

between three income categories: government grants, 

in real terms during this IOP period. Given the University’s 

tuition fees and other income. For the sector as a whole, 

dependence on state funding, UWC will continue to do 

the income split between these categories was: 

careful financial planning and management to ensure that 

government grants – 48%; tuition fees – 33%; and  

it remains a going concern, meets ongoing commitments 

other income – 19%. Excluding the two new universities, 

and is able to adequately fund the strategic priorities 

Sol Plaatjie and Mpumalanga, UWC’s proportion of 

articulated in this IOP.

tuition fee income was the lowest in the country, at  

When considering the high-level funding categories 

21%, and its dependency on government grants, at  

referred to earlier, it is worth noting the following in 

60%, was the third-highest of all. Considering that a 

terms of government grants, tuition fees, and other 

significant proportion of tuition fee income is earned 

income:

9. The “missing middle” are students who do not qualify for free higher education bursaries (NSFAS), but who cannot afford studies unaided 
10. https://www.timeslive.co.za/politics/2021-05-04-increasing-student-funding-is-like-cutting-off-our-nose-to-spite-our-face-blade-nzimande/

53

Connecting Possibilities• 

 Despite the challenges around government funding of higher 

initiatives will not yield significant short-term income. As part 

education, UWC’s ministerially approved enrolment mandate 

of this approach, the institution has invested significantly, for 

affords it the opportunity to further increase its proportion  

example, in building capacity in augmented and virtual reality, 

of the national subsidy allocation. Goal Area 1 speaks to the 

both as an academic offering and as technology that can enhance 

University’s enrolment mandate and categories of under-

the learning and teaching environment. Through this, UWC can 

enrolment, especially in terms of meeting its postgraduate 

prepare students for a changing world of work and offer 

enrolment targets. Goal Areas 2 and 3 propose strategies to 

opportunities for new industry partnerships. 

address issues of student retention and success. Progress in 

these areas will have a positive effect on UWC’s ability to 

Significant gains were made in this area during the previous IOP 

secure its share of the subsidy allocation. UWC has also has  

period. These achievements are testament to the University’s 

a good track record in securing earmarked funding through 

ongoing commitment to funding its core mandate in support of  

other grant opportunities offered by the Department of Higher 

its role as a public university; financially supporting strategic 

Education and Training (DHET).

initiatives; and considering opportunities that could not be 

• 

 Following the national student protest action referred to 

anticipated as part of normal planning processes. In addition  

earlier, a significant change in higher education funding in 

to achievements highlighted elsewhere, the following should  

South Africa relates to the fact that the Minister of Higher 

also be noted:

Education and Training now caps percentage increases in 

• 

 Throughout the previous IOP cycle, which at times played  

annual tuition fees that public universities are allowed to 

out in a highly volatile higher education environment, UWC 

charge. As stated earlier in this IOP, UWC remains firmly 

remained a going concern.

committed to offering equitable and affordable access to 

• 

 Financial sustainability is a continuing process that requires 

higher education, but capping fee increases for all universities  

ongoing attention being paid to income, expenditure and 

at the same level disproportionately disadvantages universities 

investment, and managing financial risks. As part of this 

such as UWC, which operate from a very low fee base. It also 

process, the previous IOP cycle saw the conclusion of the  

distorts the levels at which the government funds individual 

very complex and sensitive process of converting the 

students studying at different public universities. The DHET is 

University of the Western Cape Pension Fund (UWCPF), a 

expected to release a new policy on fee regulation, and this 

defined benefit plan that was registered and governed by  

could assist in assessing UWC’s position regarding tuition fees  

the Pension Funds’ Act and controlled by an independent  

in the period ahead. With the introduction of new academic 

Board of Trustees, to a defined contribution plan. 

offerings, however, the University will carefully assess the 

• 

 UWC’s fundraising efforts over the previous IOP period 

range of costs associated with the delivery of such programmes 

continued and yielded good results, also in terms of alumni 

and seek to find the appropriate balance between cost and 

support. During this period, UWC also received a block of  

affordability.

flats as a gift to support the ongoing shortage of student 

• 

 In the previous IOP, progress was made in terms of securing 

accommodation at universities. Recognising that fundraising  

third-stream income, and significant groundwork was done  

is a complex area that requires ongoing effort and focused 

to further support the growth and diversification of the 

attention to building respectful relationships, there is still 

University’s revenue base. With the University growing and 

significant scope for increasing revenue through fundraising. 

diversifying its revenue base, it recognised that many of the 

Fundraising initiatives often happen in silos, but COVID-19 

54

IOP 2021 - 2025forced greater collaboration between different institutional 

units, and the University plans to build on this experience.

• 

 Systems integration was another important focus, and a  

new enterprise resource planning system, InforLN, was 

implemented. Implementation has largely been completed,  

but this type of process is always challenging and time-

consuming, and further refinement will continue in order  

to support improved integration.

• 

 UWC has also managed to increase its financial reserves,  

and this will continue to be an important focus going forward. 

The range of challenges faced during the last few years has 

confirmed the need for universities to be in a position from 

where they can access funding to assist with unforeseen 

circumstances, respond to unique opportunities and fund 

strategic initiatives with long-term financial benefits that  

fall outside of annual budget parameters.

Building on past successes, the focus in this goal area will be on:

1. Continuing to grow and diversify UWC’s revenue base

Challenges around state subsidy were referred to earlier and, taking 

broad economic and societal realities into account, universities are 

likely to continue to face pressure in terms of their income streams. 

This requires careful thought about how UWC can further grow and 

optimise financial opportunities linked to its rich and growing 

knowledge base. In considering such opportunities, the University  

is clear about its role as a public university, and this informs the 

approach to revenue-generating initiatives. Growing and diversifying 

the revenue base has the potential to earn additional income at 

different organisational levels, but it is crucial that it should be 

managed within a framework that has the potential to contribute 

towards the University’s income base.

In the introduction to this goal area, reference was made to 

the potential to further increase UWC’s revenue through optimising 

state subsidy by attending to areas in which enrolment is below the 

University’s mandated targets. In addition to Goal Area 1, which 

focuses on enrolment, Goal Areas 2 and 3 also speak to the intention 

55

Connecting Possibilitiesto focus on student retention and success at both the undergraduate 

also speaks to increasing UWC’s academic engagement initiatives 

and postgraduate levels. Both of these goal areas also refer to 

through short course and continued professional development 

expansion of the University’s programme and qualification mix 

offerings. 

through the introduction of new programmes and qualifications.  

As part of UWC’s enrolment mandate, the institution is allowed to 

In this regard, UWC will:

offer a number of programmes fully online, and this will also assist  

in addressing some areas of under-enrolment and create 

opportunities for future enrolment growth. 

UWC’s focus is not limited to its location in Cape Town, but 

being located in an area with other very strong universities requires 

UWC to specifically focus on a number of distinctive academic 

strengths. To be successful in building strong, mutually beneficial 

partnerships and attracting significant research funding, UWC will 

• 

• 

• 

• 

 Monitor and track the financial implications of under-enrolment.11

 Pay attention to the refinement of the cost analysis associated 

with programme delivery to inform the pricing (tuition fees)  

of new offerings through traditional, blended and fully online 

modes. 

 Actively explore the expansion of existing ROI initiatives 

associated with University facilities. 

 Develop an Integrated Enterprise Strategy, which will provide  

have to invest in ensuring that it has the required intellectual 

a management framework within which the following activities 

leadership and academic capacity in place to support the selected 

and associated financial distribution models will be managed:

areas. This focus is also emphasised and expanded on in Goal Areas  

3 and 4. 

– 

– 

 Management consulting,

 Continuing professional development programmes and 

There is a need for greater coordination of efforts relating  

short courses, and

to funding applications and responses to grant opportunities. 

– 

 Fundraising.

Fundraising for any kind of revenue, whether it be for research or 

• 

 Explore management models and approaches to prospective 

other initiatives, will require a renewed focus on prioritising funding 

clients, “market” academic expertise to the public and private 

partnerships, building relationships with funders and improving  

sector, and support academics in securing equitable contracts, 

the ways in which we acknowledge such partnerships and report  

billing and timeous quality delivery.

on progress with implementation. 

In addition to securing reserves, universities are increasingly 

2. Refining and optimising systems integration  

looking at options in which capital investment can generate a return 

and financial management approaches

on investment (ROI). UWC has an example of this approach in the 

University systems, particularly as they apply to procurement, 

commercial space that it acquired as part of the investment in a 

appointments and contract management are often experienced as 

building for the Bellville Community and Health Sciences (CHS) faculty. 

cumbersome, non-flexible and not sensitive to the turnaround times 

Especially in off-campus infrastructure developments, such options 

and external requirements, most notably within the grant-funded 

could be explored further. The building that UWC is developing to 

research and innovation environment. It is recognised that UWC’s 

house the augmented- and virtual reality (AR/VR) showroom and 

financial management processes must withstand rigorous audit 

design studio also has the opportunity for an ROI approach. 

regimes, but the current management approach often results in 

UWC has not been able to build significantly on its expertise 

frustration and delays. It also creates unhealthy tensions and does 

base in providing academic consulting services to the public and 

not contribute to creating a conducive institutional environment. 

private sector. This is a specialised field, and many universities rely 

 In 2020, a Senate Task Team was established to explore perceptions  

on dedicated units to manage and advance this focus. Goal Area 2 

of increasing managerialism and bureaucracy in research 

11. Under-enrolment refers to the University not meeting enrolment targets as a result of not meeting intake targets and achieving lower than planned retention,  
which affects overall headcount targets

56

IOP 2021 - 2025 
 
 
administration and academic life more generally at UWC and, based 

on the recommendations of the Task Team, decisions will be taken 

regarding the approach going forward.

During the previous IOP cycle, a new enterprise resource 

planning system, InforLN, was implemented. There are still integration 

challenges between the finance and human resource management 

systems. These require attention to ensure that the new system 

achieves its objectives and supports strategic decision-making. 

In the light of ongoing financial constraints, the University 

community will have to carefully assess expenditure, with a greater 

awareness of potential waste and inefficiencies. Financial sustainability 

has to focus in equal measure on revenue and expenditure. This 

approach should also be embedded in budget discussions. 

In this regard, UWC will:

• 

 Revise financial management policies, practices and systems, 

informed by the findings of the Senate Task Team as well as 

those of other investigations and benchmarking exercises.

• 

 In building on the above, recognise the requirements and 

specific needs of different units on campus and work towards 

digitising and streamlining financial and procurement processes 

so that they are more responsive to the needs of the campus 

community.

• 

• 

• 

 Give priority attention to the outstanding integration items 

affecting the InforLN system.

 Consciously work towards refining the University’s annual 

budget processes.

 Revisit financial and procurement policies and procedures to 

ensure that policy documents are updated and continuously 

refined, and that supporting documents describing processes 

and procedures are documented and also updated regularly.

• 

 Optimise digitalisation opportunities to support data-informed 

financial decisions.

3. Refining fundraising efforts and building UWC’s alumni  

base on a continuous basis

UWC has strengthened and increased its fundraising activities  

57

Connecting Possibilitiesand this focus will continue in this IOP period. With increased 

pressure on the institution’s finances and ongoing pressure on the 

finances of the higher education system, there is an urgent need for 

greater emphasis on raising funds from private and public sources 

and building on the financial support of UWC’s growing alumni base. 

Conscious of the major shifts that have occurred globally  

and locally since the inception of its last multi-year strategy, the 

Institutional Advancement Office conducted a horizon scan exercise  

at the end of 2020 to inform the development of a new strategy that  

is relevant to the changing fundraising landscape and that speaks 

directly to current challenges, the drivers of change and the shifts 

that are likely to emerge. 

In this regard, UWC will:

• 

 Finalise and implement an Integrated Fundraising Strategy 

that will seek to better coordinate and steer UWC’s fundraising 

initiatives within a framework of ethical and responsible 

• 

• 

fundraising and investment.

 Refine institutional approaches for donations and strengthen 

grant funding support for the institution at large. 

 Actively expand its fundraising base and its timeous 

responses to opportunities that arise.

4 Improving integration between institutional strategies  

and financial planning

This IOP seeks to improve integration between different goal areas 

and highlight cross-cutting areas and inter-dependencies. UWC has 

a well-established process of five-year financial planning that seeks 

to take account of contextual and other changes in the financial 

landscape whilst focusing on ongoing financial sustainability. The 

resourcing of the IOP would require a rethink and reprioritisation  

of elements of the five-year plan. 

In this regard, UWC will:

• 

 Consider the cost of implementation of the IOP elements that 

cannot be achieved through current annual budgets and that 

are not supported by existing grant-funded projects. In 

58

IOP 2021 - 2025consultation with the executive and faculty leadership, the 

Council Finance Committee and the University Council, the 

five-year plan will then be refined towards aligning the budget 

with key strategies in this IOP. 

• 

 Base the funding of strategic projects on proposals, outlining 

funding requirements as part of an implementation plan with 

planned outputs, longer-term outcomes and, where applicable, 

the expected financial returns.

59

Connecting PossibilitiesGoal Area 6: 
UWC in the Public Domain

To optimise the range of media platforms and UWC 

to share their news and messages with a vast audience, 

publications to position UWC as a vibrant, intellectually 

the same audience is bombarded with information. The 

stimulating, research-led university where students and 

manner in which information is packaged for different 

staff can realise their aspirations.

audiences through the use of various platforms has 

Communication has changed significantly  

become an essential part of modern communication. 

over the last decade, with the most significant change 

During the previous IOP cycle, UWC made significant 

relating to how technology has resulted in immediate 

strides in this goal area. UWC finds itself in an exciting 

communication, mainly due to smartphones and the 

position where it is increasingly acknowledged by peers 

increased acceptance and utilisation of social media 

and members of the public for its contribution to scholarly 

platforms as formal and informal news outlets. Social 

as well as socially relevant endeavours. Notwithstanding 

media platforms have also resulted in a decrease in the 

the strides it has made in building its reputation as a 

reliance on traditional media as a source of information. 

university of good academic standing, UWC’s history as  

While it has become easier for individual organisations  

a historically disadvantaged university, and some of the 

60

IOP 2021 - 2025lingering public perceptions regarding the quality  

One of the considerable advantages of the new 

of its academic offerings, still require countering. 

website is that it is mobile-friendly. In the absence of a 

Navigating a complex and rather “noisy” 

UWC intranet for internal communication, the previous 

communication landscape requires a dynamic, yet 

website became a tool for both internal and external 

carefully integrated, communications and branding 

communication and information. This resulted in a 

strategy that is not only responsive, but also well 

website trying to achieve too many objectives, with a 

attuned to UWC’s longer-term vision and purpose.  

significant amount of information that required ongoing 

There has been a significant increase in social media 

updating, which often did not take place. The UWC 

accounts linked to UWC, with many research units and 

community is still adapting to the two platforms. 

faculties having their own such accounts. While this  

Continued attention is needed to distinguish clearly 

in itself is not a problem, it poses some challenges  

between the purpose of the intranet and the website  

in terms of brand consistency and the integration of 

in order to prevent a situation where the same 

strategic messaging. 

information is duplicated across the two platforms.

During the previous IOP period, key staff 

An Integrated Communication Strategy was also 

appointments were made in the media office. This 

developed in the previous IOP period and is likely to be 

resulted in an increased UWC presence in the print 

formally approved during the course of 2021. The focus of 

media, as well as in appearances on television and  

this IOP period will be on this strategy’s implementation. 

radio programmes. There was also a strong leaning 

Content management has also received attention and is 

towards positive coverage of UWC by the press, which 

embedded in the new website and supported by clear 

included graduations, research and innovation initiatives, 

workflows in the media office. 

the achievements of individual researchers and 

UWC has various well-established practices and 

students, the acquisition of new buildings and 

events linked to undergraduate student recruitment, 

equipment, and the appointment and academic 

including visits to schools, participation in selected 

achievements of UWC’s senior researchers, especially  

national recruitment activities, and an annual Open Day 

the SARChI chairs. The National Research Foundation’s 

for prospective students. Following the COVID-19 

confirmation of A-ratings for UWC staff also received 

lockdown measures, these activities required a new  

significant media coverage across a broad spectrum  

media strategy and events management approach,  

of media outlets and platforms. Sporting events, the 

and the University hosted a range of online events  

performance of UWC teams and individual athletes,  

with individual faculties to replace the annual Open  

and UWC sports code coaches generated ongoing and 

Day. Career advice was also managed online through 

significant media attention. 

various communication platforms. More concerted 

Internal communication has also been supported 

attention will be given to managing the challenges 

by improved IT infrastructure, resulting in improved 

resulting from a shift to online communication 

connectivity. Towards the end of 2020, UWC launched 

platforms.

 its intranet site, as well as a new UWC website. Both  

of these significant developments required input and 

Building on past successes, the focus in this goal area 

buy-in from the broader UWC community. 

will be on:

61

Connecting Possibilities1. A Mission- and Vision-informed approach 

enrolment, with a specific focus on postgraduate students. UWC  

to positioning UWC in the public domain 

has many ongoing recruitment and engagement initiatives linked to 

The new Mission and Vision adopted in this IOP seek to locate the 

undergraduate students, but has not actively pursued a coordinated 

institution as a dynamic, research-led university that is operating  

approach to postgraduate and international recruitment. Despite 

in a vastly changed national and international landscape when 

the lack of a clear international recruitment strategy, UWC continues 

compared to the previous IOP period. Giving prominence to the 

to attract many international students, especially from other parts  

shifts in the Mission and Vision will require careful attention being 

of the continent. The University is also mandated to offer fully online 

paid in terms of messaging and giving prominence to events, activities 

postgraduate programmes to at least 3% of its total student body 

and thought-leadership opportunities that clearly signal the 

within the current IOP period, and this will require a very specific 

University’s strategic intent in these changing times.

recruitment focus. 

Brand management is an essential part of organisational 

The importance of UWC’s website as an initial way  

positioning in the public domain and received limited attention 

of exploring the University and its programmes must not be 

during the previous IOP cycle. Continued engagement, through 

underestimated, and should remain a key focus in the ongoing 

marketing campaigns and other initiatives, is required to broaden 

refinement of the website. 

UWC’s brand positioning. The new University website will assist in 

this regard. Still, dissemination of all brand information and brand 

In this regard, UWC will:

consistency require a more coordinated and systematic approach  

to advance the positioning of UWC. 

• 

• 

 Build a web and social media presence aimed at positioning the 

institution as a university of choice for prospective students 

 Focus on improving the institutional understanding of UWC’s 

In this regard, UWC will:

international student population and their reasons for choosing 

• 

 Through the use of multimedia communication platforms, 

to study at UWC. Based on these engagements, as well as 

position UWC as a thought leader in the national and global 

analyses of international student data over the last years,  

arena, especially in the transdisciplinary research themes that 

a recruitment strategy for international students will be 

have been identified as the central pillars of the University’s 

developed.

research agenda.

• 

 Develop a coordinated approach to postgraduate recruitment 

• 

 Monitor and evaluate the use of technology and digital 

that will include mapping opportunities for financial support  

platforms for communication to ensure optimal and effective 

in different postgraduate offerings through SETA and other 

communication across different platforms, directed at 

funding avenues.

different audiences and stakeholders. 

• 

 Develop an annual branding and marketing programme that 

3. Actively seeking robust relationships and partnerships 

must include the advance scheduling of prominent UWC 

The importance of partnerships and the role of relationships in 

publications, such as the Annual Report and other (annual) 

partnership building feature throughout this IOP and its Goal Areas. 

publications from executive divisions and faculties.

Strategic partnership building is also central in giving effect to the 

University’s Mission and Vision statements. UWC will continue to 

2. Developing a national and international student recruitment 

develop extensive, mutually beneficial partnerships with other local 

media campaign that is targeted at postgraduate offerings

and international universities, business organisations, community 

Goal Areas 1 and 3 of this IOP speak to student recruitment and 

groups, government at various levels, and donor agencies and 

62

IOP 2021 - 2025foundations, both locally and internationally. These relationships  

and partnerships will be expanded, and existing partnerships will  

be developed and strengthened further. However, the successful 

engagement with these various partners is dependent on the 

University’s ability to position itself as an institution that adds 

considerable value to these relationships.

Alumni are very important brand ambassadors and significant 

work has gone into building and strengthening relationships with 

individual alumni and alumni networks. The Law Faculty serves as a 

good example in this regard, and has also arranged various events 

at which prominent alumni have participated in various academic 

engagements. UWC wishes to continue to increase active alumni 

participation and alumni giving. More productive relationships and 

engagements with alumni enable them to speak enthusiastically  

and authoritatively about initiatives at their alma mater and see the 

mutually beneficial value of contributing to and reaping pride from 

the University’s future successes.

UWC will also focus on continuously improving its database 

of collaborative engagements and relationships with philanthropies, 

donors, government agencies, NGOs, alumni and others to identify 

the diverse range of stakeholders and the nature of their contribution 

to the institution. 

In this regard, UWC will:

• 

 Develop a strategic engagement programme targeting UWC’s 

• 

• 

current and potential partners in order to publicise the 

adoption and focus of the University’s new IOP. 

 Identify and engage with prominent UWC alumni as part  

of building UWC’s public engagement strategy. 

 Continue to translate the research output and scientific 

publications of researchers and profile their efforts through 

accessible online and print media, such as the recently 

launched research magazine, Signals. 

• 

 Better align its communication strategies with its stakeholder-

mapping process to better understand the institution’s partners 

and to enable leadership to have more strategic engagements 

with key partners and stakeholders. 

63

Connecting PossibilitiesGoal Area 7: 
Developing the Campus  
and Surrounding Areas

To develop UWC’s campuses as dynamic sites that 

that include both the repurposing of existing buildings 

effectively support academic and related activities 

and the construction of new buildings. Over the years, 

through appropriate physical and ICT infrastructure  

the University has put in place robust infrastructure 

that also assist in anchoring the University in different 

planning, management and procurement processes. 

communities and connecting it to diverse publics.

Project and University governance processes are also  

Infrastructure development is a slow and costly 

in place to ensure proper oversight. 

endeavour. It is crucial for UWC to have a clear vision of 

The impact of the COVID-19 pandemic is likely  

its academic strengths and aspirations for infrastructure 

to continue to influence how many organisations will 

development to support its academic priorities in 

approach the development and provision of their 

meaningful ways. UWC has a successful track record  

infrastructure going forward. In the engagements that 

in implementing large-scale infrastructure projects  

informed this goal area, it was reiterated that UWC’s 

64

IOP 2021 - 2025mandate as a contact university had not changed and it 

Whilst UWC has clearly articulated its intention 

was agreed that, especially at the undergraduate level, 

to increasing play an anchoring role in the sub-region 

face-to-face teaching was still the ideal form of academic 

through the physical location of certain of its activities, 

engagement. It was also recognised that being on campus 

the key anchoring role of the University through its 

enriches students’ university experiences in different 

academic and community engagement endeavours is 

ways, including the nature and frequency of engagement 

still in the early stages of articulation as part of an 

with academics and peers, and access to a wide range of 

anchoring strategy (see Goal Area 2, for example). In this 

academic and student services, clubs, societies, sports 

regard, the University has to consider how it matures 

facilities and different campus events. However, there 

and integrates its thinking, actions and communication  

are positive learnings from remote working and the 

to support its intentions and responsibilities as an 

online learning, teaching and research experience that is 

anchor institution across all spheres of its core work.

likely to influence how we conceptualise new buildings 

During the previous IOP cycle, Cape Town suffered 

and the repurposing of existing facilities in the future. 

a severe drought. This brought into focus the need to 

The previous IOP articulated the intention to 

attend to sustainability and efficiency, not only in terms 

position UWC as an anchor institution, helping to profile  

of water but also in other areas. The University completed 

its metropolitan sub-region as a knowledge hub and 

a water purification plant and piloted an air-to-water 

desirable destination, and contributing to the area’s 

plant for the administration building. Ongoing attention  

transformation. As part of an anchoring focus, the 

is also given to installing fittings that will assist in 

University deliberately chose to expand its physical 

reducing water utilisation. Water sustainability has 

footprint beyond the main campus and, in addition to  

received significant attention from an infrastructure 

the Dental Faculty’s facilities at the Tygerberg Hospital 

point of view, but behaviour across campus does not 

Estate and Mitchell’s Plain, the Faculty of Community 

seem to have changed significantly, requiring leadership 

and Health Sciences building in Bellville is a recent 

involvement. A centralised transport planning system 

example of giving effect to this strategic approach in  

was also introduced, which has resulted in a significant 

the previous IOP cycle. The off-campus infrastructure 

reduction in transportation trips, a rationalisation in the 

developments that are in progress include the Greatmore 

sizes of vehicles used, and a significant reduction of 

Street development (Arts and Humanities) in Woodstock, 

costs associated with transportation. Especially in the 

the Transhex building (envisaged as a digital hub with a 

context of power outages and load shedding, which are 

virtual and augmented reality showroom and laboratory) 

likely to persist for the coming decade, attention has 

on Voortrekker Road, as well as the Unibell student 

also been paid to the more efficient utilisation of energy 

accommodation development in Belhar (to the south  

in new and existing buildings. UWC has also focused on 

of the campus). In their unique way, each of these 

planting endemic and drought-resistant plants, and this 

developments provides new opportunities for UWC  

is being formalised through the development of a 

to connect with and contribute to the surrounding 

Landscaping Masterplan for the University. 

communities, build on existing partnerships and forge  

Infrastructure development is costly, and UWC  

new connections with a range of possible stakeholders 

is very dependent on the DHET’s Infrastructure and 

within and beyond the sub-region. 

Efficiency Grant (IEG) funding for infrastructure expansion 

65

Connecting Possibilitiesand upgrading. In recent years, UWC has not achieved significant 

consequences, not only for UWC but also for the region’s ability to 

success in fundraising for infrastructure development from sources 

revitalise the surrounding residential areas. UWC is strategically 

beyond the DHET. However, given the effect of COVID-19 on the public 

located to be a powerful partner in transforming the whole area  

purse, the DHET’s infrastructure grant funding could be reduced 

into a model post-apartheid space and reconnecting it to the city’s 

going forward. UWC will therefore have to reconsider its fundraising 

mainstream life, but it cannot achieve this alone. Through the 

approach to support infrastructure development priorities.

Voortrekker Road Central Improvement District (VRCID) initiative  

For some time now, there has been increased pressure on 

and the work of the Greater Tygerberg Partnership (GTP), the 

universities to provide more student accommodation. Given the 

revitalisation of Bellville has been receiving attention and UWC will 

continued increase in student numbers, UWC has not made significant 

continue to support and participate in these initiatives. One of  

progress in this regard. However, when preparing this IOP, the 2 700- 

the consequences of UWC’s isolated location is the ever-increasing 

bed Unibell student accommodation development to the south of 

demand for vehicle parking spaces on campus. Over the last number  

the campus is under way; this will significantly increase UWC’s 

of years, the number of parking bays on campus has increased and 

student accommodation offering. This development is the result  

the quality of several parking areas has been improved. However, 

of extended negotiations and a land-swap agreement that resulted  

parking provision is still not sufficient, with many vehicles parked  

in the University obtaining additional land close to the Unibell station 

in areas not designated or developed for parking, which affects the 

and around the Belhar Indoor Sports Centre, with the erven close to 

campus environment’s overall quality. The increase in vehicles is 

the Unibell station being developed as student accommodation and 

exacerbated by the limited public transport options to and from the 

the bulk of the additional land being earmarked for additional 

campus. The completion of the Bellville CHS building, which resulted  

sports facilities. 

in more than 2 000 staff and students no longer being on the main 

The safety of students and staff is a key concern. In this 

campus, has brought some relief to the parking situation. Going 

regard, it is acknowledged that UWC is part of the broader society 

forward, new models of learning and teaching could further alleviate 

and the University therefore is not immune to the safety challenges 

some of the parking challenges, but this remains an area that will 

experienced in our society. In addition to the University’s own 

have to be monitored and managed. 

Campus Protection Services, UWC also works in partnership with 

Infrastructure planning also has to continuously consider  

other role players, such as the South African Police Services (SAPS) 

the long-term holding capacity of the main campus and the nature  

and neighbourhood watch services in surrounding communities.  

of the desired campus environment. With enrolment growth (and the 

In areas such as the Bellville CBD, safety is more complicated, and 

concomitant increase in staff numbers), there is increased land-use 

UWC has a security staff presence to assist with safety around its 

pressure for academic and professional activities and support 

building and between the CHS building and the designated parking 

provision, such as student residential accommodation, sports 

areas. During the previous IOP, various projects aimed at improving 

facilities and road infrastructure and parking. To optimise the 

safety on campus were completed. These included attention being 

campus’s potential holding capacity and retain its park-like character 

given to safe walks, improved lighting, enhanced security at UWC 

requires an ongoing commitment to an urban collegiate density  

residences and specific attention to improving safety in the area 

of 1 m² of building on 1 m² of land. Part of the challenge faced is  

between the campus and the Unibell station. 

that existing buildings cannot easily be extended vertically, as the 

Failure to change the nature of the surroundings and achieve 

ground conditions on the main campus are not optimal, hence the  

appropriate land use and corridor development conducive to the 

fact that most of the buildings that were constructed before the 

academic and innovation project will have long-term adverse 

2000s are only two or three storeys high. With continued enrolment 

66

IOP 2021 - 2025growth, the University will continue to explore options to acquire new 

land and buildings and rethink space utilisation and optimisation.

The COVID-19 pandemic has significantly affected the already 

rapidly changing and expanding function of information technology. 

As part of the emergency move to remote working and online learning, 

teaching and research, universities had no option but to facilitate a 

bring-your-own-device (BYOD) approach by assisting students and 

staff to obtain laptops. In addition, access to data also proved to  

be a widespread challenge, and universities nationally negotiated 

affordable data packages with all the major service providers to 

meet this need. The current iKamva platform (powered by Sakai)  

is UWC’s learning management system (LMS), and has been successful 

in providing a stable and secure environment for blended teaching 

and learning. During the previous IOP cycle, investment in the system 

also enabled the LMS to support the emergency move to online 

learning and teaching. 

Mention was made earlier of the strategic focus to continue 

to expand UWC beyond the main campus, and this shift has increased 

the pressure for connectivity between campuses. UWC’s main campus 

is in Bellville South; its oldest additional campus is the Dentistry 

Faculty building in Mitchell’s Plain. It has another Dentistry campus 

close to Tygerberg Hospital, and its most recent campus is in the 

Bellville CBD. An additional campus site is also being developed in 

Woodstock, and students and staff on all of UWC’s various campuses 

must be connected. Better physical connectivity through the suitable 

development of the region and improved public transport would 

make a significant difference, and effective, real-time classroom 

connectivity is urgently needed. Improved public transport provision 

remains a dim prospect in the short to medium term and points to 

the need for the University to continue to explore its own options, 

possibly in partnership with neighbouring higher education and 

TVET institutions and the regional development agencies.

Physical and ICT infrastructure are key enablers of learning, 

teaching and research, and their purpose and functionality have to  

be informed by the University’s academic aspirations and priorities. 

Building on previous successes, the focus in this goal area will be on:

67

Connecting PossibilitiesINFRASTRUCTURE DEVELOPMENT

were conducted in the previous IOP cycle. The results indicated  

In UWC’s context, the idea of UWC as an anchor institution is 

that there is often a mismatch between venue booking and venue 

intended to be closely connected with the notion of UWC as an 

utilisation, both in terms of booked venues not being used and in 

engaged university, seeking to meaningfully connect with different 

terms of the number of actual users occupying a venue versus the 

publics. Over the last number of years, UWC has been consistent  

requested number of users. As part of the focus on the utilisation  

in articulating engagement in a context in which it is aware of its 

of venues, the inconsistency of audio-visual (AV) equipment in 

distinctive academic role and its potential to help build a more 

different venues and the suitability of certain spaces were also 

equitable society. Its Mission and Vision speak to the imperative  

noted as issues, especially concerning prefab venues. 

of being responsive to local and global challenges. In this regard, 

Traditionally the relationship between enrolment growth  

infrastructure development can be an important enabler, locating  

and infrastructure development was rather simple; going forward, 

the University in different areas in support of new and different 

universities are likely to have to continue to adapt to changes in 

kinds of engagements and partnerships. As part of this approach, 

their traditional operating models, with much more emphasis on a 

the quality of the university experience of students and staff 

blended approach to learning and teaching, the possibility of dual 

requires more attention at all of the smaller campuses and when 

classrooms, and exploring block-teaching approaches — all of which 

considering new developments.

are likely to affect the space requirements of teaching venues. More 

During the previous IOP cycle, significant developments  

flexible ways of working might also affect office space requirements 

took place to the south of the main campus. However, the built 

in the future. All of the issues listed above are still quite uncertain  

environment surrounding the main campus is still largely perceived  

at this time, and the impact on existing space as well future space 

as uninviting, hostile and sterile, reducing the University’s impact  

requirements are not yet clearly understood or well defined, but 

and cutting its students off from the city’s mainstream life. 

traditional thinking around university infrastructure development 

Aggravating this exclusionary effect is that public transport 

will undoubtedly have to adapt to meet the needs of students  

initiatives have primarily passed the campus by. In addition,  

and staff going forward. From an infrastructure perspective, it is 

the collapse of Metrorail has worsened the situation, and restoring  

anticipated that there will be implications in terms of more advanced 

the full service in and around Cape Town could take until the end  

technology requirements in classrooms to better support blended 

of 2021 or beyond. The planned new passenger railway line between 

learning and teaching. It would be important to understand how 

Khayelitsha and Kuils River will assist, but there continue to be 

possible new ways of working and studying would influence the 

safety issues associated with public transport. 

requirements of academics and students in terms of the University’s 

A focus on integration with the sub-region also requires a 

infrastructure provision. For example, the “bring-your-own-device” 

good understanding of sub-regional planning and, in this regard, 

approach has various implications, including a significant increase  

building relationships with City of Cape Town (CCT) and Western Cape 

in charge-point requirements. 

Government (WCG) planners in which ideas and plans can be shared 

Student accommodation remains a high priority, and the 

openly is crucial. The range of challenges with the Belhar (Unibell) 

Unibell student accommodation development will contribute 

student accommodation project highlighted the urgency to achieve 

significantly to UWC’s residence offering. The University also 

greater alignment of UWC planning with that of the CCT and the WCG.

acquired some land during the previous IOP cycle. It will have  

Infrastructure management is also concerned with the 

to carefully consider balancing the future utilisation of these 

effective utilisation of existing buildings and, as part of trying to 

properties, with some of them being well suited for further student 

improve effective venue management, space-utilisation audits  

accommodation development. New management and partnership 

68

IOP 2021 - 2025models will be explored for all new student accommodation 

projects.

Despite well-established processes and procedures to 

manage infrastructure development, there are some policy gaps,  

and existing policies have not all been reviewed and updated 

regularly. UWC also does not have an integrated sustainability 

strategy. All of the large-scale infrastructure projects in the 

previous IOP cycle included sustainability elements. These were 

project-specific and largely depended on the nature of individual 

projects and the cost, viability and practicality of the suggested 

sustainability interventions.

In this regard, UWC will:

1. Support and influence sub-regional development  

and reintegration 

• 

 Positioning UWC as an anchor institution will remain a priority 

that requires a comprehensive institutional approach. In terms 

of infrastructure development, the focus will be on:

– 

 UWC’s role in urban revitalisation and place-making (city 

building),

– 

 leveraging the increased importance of research, enterprise 

and innovation in regional development and in creating a 

learning region,

– 

 continuing to work with the GTP and actively building 

partnerships with public local authorities, firms, civil 

society and other stakeholders in order to identify  

shared agendas and clear priorities, and

– 

 continuing to acquire strategic properties/erven that could 

be utilised or developed as student accommodation in  

the future, or to locate certain programmes/disciplines 

off-campus in closer proximity to communities or industries 

to support ongoing partnerships. The acquisition of such 

properties should be clearly aligned with UWC’s core 

mandate and strategic focus.

• 

 Focus on the completion of infrastructure development 

projects that have already received IEG and other funding,  

69

Connecting Possibilities 
 
 
 
and that seek to expand UWC’s physical footprint and connect 

its academic initiatives to appropriate communities, partners 

and stakeholders. These are: 

– 

 Unibell Student Accommodation project, where 2 700  

new beds are being developed as part of three clusters  

of student accommodation in Belhar, to the immediate 

south of the Unibell station, 

– 

 repurposing an old school building in Greatmore Street 

(Woodstock) to house programmes and research partnerships 

linked to the Centre for Humanities Research, and

– 

 refurbishing the Transhex building in Voortrekker Road  

as a digital hub that will house, amongst others, the  

AR/VR showroom.

2. Expand University infrastructure

• 

 Continue to apply for and seek to optimise the funding 

opportunities provided by the DHET’s IEG and, in doing  

so, seek to find a balance between projects focusing on:

– 

 UWC’s academic project, including new programme areas.  

In this regard, the University will seek to find a balance 

between the repurposing and refurbishment of old 

infrastructure and new developments;

– 

 the needs of students and improving their university 

experience, especially at smaller campus sites; and

– 

 addressing compliance issues and backlog maintenance.

• 

 Focus on the completion of infrastructure development 

projects that have already received IEG and other funding. 

These include: 

– 

 the South Campus Education Precinct Project, which will 

relocate all UWC’s Education Faculty facilities to a new 

precinct development on the south campus,

– 

 refurbishing and repurposing the vacated Faculty of 

Community and Health Sciences space (after their  

move to the Bellville building),

– 

 repurposing and refurbishing the current Education 

building when the faculty moves to its new facilities  

on the south campus, and

70

IOP 2021 - 2025 
 
 
 
 
 
 
 
 
– 

 repurposing the Senate building in order to relocate the 

the focus on information technologies to digital transformation, which 

Robben Island Museum/UWC-Mayibuye Archives, house  

refers to the adoption of digital technology to transform an organisation’s 

the other archival collections bequeathed to UWC, along 

core functions and activities by replacing non-digital processes with 

with the University’s own archives and the academic 

digital processes or replacing older with newer digital technology. 

programme in museum and heritage studies, along with 

Students and staff increasingly require an interactive and 

(digital) archiving, preservation and visual history research 

engaging experience and expect flexible and secure IT tools, systems 

activities. This revitalisation of the archives is a pivotal 

and spaces to be available to them inside and outside the classroom 

development for UWC and has the potential to shape the 

to facilitate this shift. In this regard, universities face a large and 

undergraduate and postgraduate experience in the arts 

growing challenge to use technology creatively to meet learning, 

and humanities; provide invaluable resources for researchers 

research, administrative and support goals across a broad front. 

from UWC and beyond; and provide exciting opportunities 

UWC has embraced this challenge, and this is evident in the fact that 

for public education.

the University was mostly able to manage the added pressure on 

systems during the COVID-19 pandemic. UWC is increasingly a digitally 

3. Manage and optimise the utilisation and quality  

enabled university. The opportunities represented by this are 

of existing University infrastructure 

exciting, but require careful planning and management to ensure 

• 

 Adopt an overarching infrastructure development focus that  

that the integrity of the academic project and the quality of support 

will increasingly support technology-based approaches to 

and operational services are not compromised.

learning, teaching and research activities.

ICT needs to be centrally aligned across the University, 

• 

• 

 Continue to implement initiatives to improve safety on campus.

compared to the current, segregated model perpetuated by existing 

 Continue to focus on campus greening and the development 

structures. In addition, UWC will need to be more proactive in 

and implementation of a Landscape Development and 

protecting student and employee data, taking careful decisions on 

Maintenance Plan.

partnerships and data exchanges with other organisations, vendors 

• 

 Improve space management by utilising appropriate software 

and governments. Any technology should be inclusive and cannot  

and adapt existing processes to assist the University to 

be rolled out without considering the clear effect of inclusion on  

implement effective space management.

all the stakeholders involved, as well as the security aspects.

• 

• 

 Address policy gaps and the review of existing policies.

UWC will require a clear Integrated Digital Transformation 

 Update the University’s Campus Development Plan (Master 

Plan to drive pervasive digital transformation and digital inclusion. 

Plan) to improve its alignment with UWC’s enrolment mandate  

Such a plan will have to consider improved support to enrolment  

for 2021 to 2025 and to begin to account for likely changes in 

and finance, registration, teaching and learning, research, graduation, 

future infrastructure requirements.

and the role of alumni, while considering the full life cycle of a 

student. Improvements in IT come from organisational structure, 

INFORMATION AND COMMUNICATIONS  

establishing missions and strategy, working with people and making 

TECHNOLOGY INFRASTRUCTURE

the best of their knowledge, and it should be a key institutional 

Information Technology is a key enabler of any modern university’s 

objective to ensure that IT systems adequately support all academic 

core academic, research and operational goals and, as it is 

and operational functions with a clear understanding of the 

increasingly available in various forms, its use has become 

requirements of the student life cycle. Establishing institutional 

engrained in how we live and work. There is a global shift from  

relationships with platforms and technologies remains important  

71

Connecting Possibilities 
but at the same time, the University has to be more proactive in 

in tracking vulnerabilities in real time to allow for timeous 

protecting student and employee data, making careful decisions  

mitigation and remediation in the server and desktop 

on partnerships and data exchanges with other organisations, 

environment.

vendors and governments. As part of a student-centred approach,  

• 

 Integrate the Novell Identity Management Platform with 

a focus on mobile accessibility should also be a priority. 

next-generation firewall to improve monitoring of UWC 

network activity.

In this regard, UWC will:

• 

 Provide an endpoint detection and response (EDP) solution that 

1. Focus on IT infrastructure

offers protection over and above normal malware protection 

and also provides better insight into the security environment 

• 

• 

• 

• 

 Further enhance the iKamva LMS, with a specific focus on 

within which we operate.

finding cloud-based solutions to improve disaster recovery.

 Improve support to data-intensive research requirements 

3. Improve IT governance

through cloud-based capacity solutions.

• 

 Develop an Integrated Digital Transformation Strategy against 

 Utilise desktop virtualisation software technology to support 

which planning and progress will be reported and monitored.

student access to software in a BYOD environment.

 Provide quality connectivity to all UWC sites through fit-for-

purpose virtual network technologies that must meet the 

general as well as specific needs of the respective sites.

• 

 Acquire a software solution that will support online and 

flexible learning, as well as the student life-cycle 

requirements of carousel-type academic offerings.

• 

 Introduce enterprise monitoring and management systems  

to monitor and manage infrastructure capacity — storage, 

computing, networks and WAN.

• 

• 

 Implement core switch upgrades that will assist in reducing 

the overheads of managing physical infrastructure.

 Shift telephony to internet protocol telephony infrastructure 

to deliver end-to-end digital communication — this is already 

in place in most of the newer buildings on campus.

• 

 Upgrade SASI and SEMS systems to strengthen the current 

system and include postgraduate student administration 

functionalities.

• 

 Upgrade classroom infrastructure to support dual/hybrid 

teaching approaches.

2. Improve IT security

• 

 Acquire automated vulnerability management tools to assist 

72

IOP 2021 - 202573

Connecting PossibilitiesGoal Area 8: 
Leadership, Governance  
and Management

To provide robust governance and effective values-based 

University stands to benefit from ethical and values-

leadership at all levels to further develop UWC as a vibrant 

based leadership that is able to respond to the needs, 

institution of high repute, supported by accountable 

challenges and opportunities ahead. 

management practices. 

UWC has a broad and committed leadership base 

Given the range and possible future impact of the 

that is able to rise to the challenge of giving effect to the 

challenges that the world is facing, ethical and decisive 

Mission statement and guide the University towards its 

leadership in support of more sustainable and equitable 

stated Vision for 2035. This, however, will require ongoing 

paths is required at global, national and organisational 

attention being paid to UWC’s future direction, by shaping 

levels. UWC’s Mission statement commits the institution 

and reshaping the institutional discourse and culture, 

to draw on its intellectual capital and networks to respond 

and optimising the social and intellectual capacity of  

to these challenges. In pursuit of this commitment, the 

the institution. 

74

IOP 2021 - 2025Over the past IOP period, UWC’s leadership has 

new deans. This team faced the immediate challenges 

become much more attentive to the rapidly changing 

associated with the national student protests under the 

institutional context, with all its risks, complexities and 

banner of Fees Must Fall (2015/2016), and the final year  

uncertainties. Through active engagement and vigilant 

of implementation of the IOP coincided with the disruptive 

oversight, the leadership collective was able to interpret 

impact of the COVID-19 pandemic. Despite the challenges 

the dynamic context in which UWC is working to hold an 

the leadership team faced, they managed to continue to 

inspirational vision of what is possible in the medium term, 

focus on key issues of strategic significance, and other 

along with practical measures for adapting and effecting 

goal areas in this IOP capture some of the successes 

change in a coherent manner, while simultaneously 

achieved. This IOP period will benefit from leadership 

keeping an eye on the future. All parts of the campus 

stability and continuity and the conclusion of the 

community were challenged to interpret their respective 

appointment of a number of new deans.

activities in terms of the Vision and to become adept at 

Leadership plays an important role to promote 

new ways of seeing and responding in a challenging and 

and advance UWC’s core values: (i) academic excellence; 

ever-changing environment.

(ii) engagement and responsiveness; (iii) integrity and 

Crises put organisations to test, often highlighting 

accountability; (iv) collegiality and collaboration; and  

strategic and structural weaknesses that otherwise may 

v) inclusivity and diversity. While this might start with 

be overlooked. The onset of the COVID-19 pandemic tested 

leadership, it must permeate the whole University if the 

the resilience of the University and the effectiveness 

values are to give life to the ways in which we work. In 

and robustness of UWC’s leadership, governance and 

this IOP, leadership, management and governance bodies 

management at all levels. During this period of great 

will be expected to focus on developing robust, ethical, 

uncertainty, anxiety and isolation, leadership traits such 

collaborative and values-based relationships and to 

as empathy, agility and an ability to communicate with 

make the well-being of the UWC community a priority.  

clarity became even more crucial to help both staff and 

It will require a rethinking of what it means to lead with 

students cope with widespread anxiety and isolation 

a sense of purpose, empathy and inclusivity as we move 

and to maintain a semblance of connectedness and a 

into a post-COVID-19 era.

sense of belonging within their respective teams. One  

In the period preceding the IOP 2016–2020, the 

of the lessons drawn from handling the pandemic 

University experienced particular governance challenges, 

reasonably well is that different stakeholders inside  

specifically at Council level. Unfortunately, these were 

and outside the University rallied together, offered 

widely reported in the media and caused reputational 

practical suggestions and assisted in making appropriate, 

damage. During the previous IOP cycle, Council took 

evidence-based decisions in a concerted effort to leave 

important steps to address the issues of dysfunctionality 

no one behind. As challenging as this experience may 

and to put in place the necessary mechanisms to restore 

have been, new insights have been gleaned and the 

confidence and build trust. At the heart of this was a 

importance of values-based governance was evident.

thoughtful focus on UWC’s progress in implementing its 

The value of leadership is often under-appreciated. 

strategic objectives and on consistently seeking better 

The development of the previous IOP commenced with 

alignment between strategic intentions, policies and 

an entirely new executive team, as well as a number of 

practices.

75

Connecting PossibilitiesGovernance at UWC is understood to mean the processes  

future intentions. To this end, the leadership will hold on to a 

that regulate the functioning of the University. It is shaped by both 

compelling, inspirational and future-oriented vision and direction  

formal values, rules and structures and informal practices and 

as articulated through the IOP goal areas, and will support this 

institutional cultures of “how things are really done here”. Changing  

through appropriate plans and strategies. 

an organisation’s culture is one of the most complex leadership 

It is acknowledged that universities are complex organisations, 

challenges, especially as informal culture often trumps strategic 

serving multiple audiences with different expectations, and ensuring 

intent and formally adopted policies or rules. This is the antithesis  

a continued focus on strategic priorities in pursuit of the University’s 

of good governance and contributes to inhibiting transparency  

desired future is a key leadership responsibility. Ongoing engagement 

and collegiality. Thus, a deliberate leadership focus is necessary, 

with different internal and external role players and partners will assist 

especially to ensure alignment between policy, strategy and practice.

in harnessing the significant knowledge and expertise base of the 

To effectively address the complex grand challenges and 

University and its strategic partners towards its desired future. 

wicked problems of our time, universities must harness strengths to  

be gained from working collaboratively, both within the institution 

In this regard, UWC will:

and with external partners. While the interests of partners may be 

• 

 Work consistently to promote the newly revised Vision,  

diverse, successful partnerships are premised on mutual respect 

Mission and Value statements as the basis for articulating  

and a commitment to shared values and goals. 

its intellectual identity, purpose and future direction.

In a university context, it is important to find a balance 

• 

 Maintain a holistic view of the IOP as a living document 

between respect for academic authority and independence, to 

throughout the five-year cycle. The Senate and Council  

ensure uniformity around rules and accountability, and to invest  

will oversee the development and adoption of a series of 

trust in participatory processes.

multifunctional five-year plans. These will include, among 

Building on past successes, the focus in this goal area will be on:

and Teaching; Research and Innovation; People ; Financial 

others, plans pertaining to the Student Experience; Learning  

Sustainability; Student Enrolment; and Physical Infrastructure.

1. Building leadership that consistently provides clarity of purpose 

• 

 Cascade the multifunctional five-year plans into an annual 

and direction and that demonstrates visible support for the 

budget, an annual performance plan and bi-annual rolling 

development and execution of multifunctional plans through 

plans for faculties, departments and units to promote greater 

explicit priority-setting

horizontal and vertical alignment and assist with monitoring 

The development of this IOP included various processes of 

progress towards goal attainment. This approach is intended to 

engagement with the leadership and broad campus community that  

promote institutional responsiveness to contextual challenges 

also considered amendments to UWC’s Mission, Vision and Values 

and opportunities, regulatory requirements and the needs of 

statements to better capture current contexts and future aspirations, 

multiple stakeholders. Where necessary, applicable policies and 

whilst reaffirming some core principles and values that continue to 

strategies will be reviewed and adjusted to achieve optimal 

guide the University. Following this process, it is an important 

outcomes. We shall draw from the needs and aspirations of the 

leadership function to maintain clarity of purpose and direction in  

respective portfolios to prioritise, develop and implement an 

the implementation of the various objectives articulated in the IOP.

integrated strategy document for each of the four cross-cutting 

Leadership implementation efforts and good governance 

areas, ensuring all the components are unified to achieve the 

oversight benefit from clear plans and strategies that support  

desired strategic objectives and maintain a systems perspective.

76

IOP 2021 - 2025• 

 Enhance leadership and governance oversight at all levels 

through, amongst others, the monitoring and evaluation  

of the implementation of the IOP and associated plans. The 

leadership will also be encouraged to undertake an 

identification of trends and issues in the internal and external 

environment to gain a more holistic and long-term view of 

system-wide strategic risks, with a view to mitigating these 

proactively. 

2. Prioritising and supporting the implementation of a select 

number of University-wide change initiatives with the biggest 

potential to advance UWC’s Mission and sustain its future

In a post-pandemic context, the University will increasingly be 

challenged to confront a range of traditional approaches, for 

example, to efficiency, productivity, human connection and  

campus experiences. 

The Preface of this IOP highlights four interdependent 

cross-cutting areas that have the potential to facilitate large-scale 

change with a view to proactively leveraging the University’s 

capabilities to achieve its strategic goals. It also recognises that 

there is a need for a more thoughtful and structured approach to 

delivering on the strategic objectives and to see the cumulative 

benefit from its multiple change efforts on a University-wide scale.  

In this regard, the intention is to embed the cross-cutting areas  

into relevant aspects of the University’s functioning more 

consciously in order to derive optimal benefit. 

To achieve meaningful change at the desired scale will 

require the active involvement of every sector of the University 

community. Effecting large-scale change is not easy and there is  

no one-size-fits-all solution to embed new ways of working at scale 

and simultaneously achieve agility and responsiveness. This will 

require a change-management mindset underpinned by dynamic 

leadership, good governance and appropriate accountability 

frameworks to ensure proper oversight and alignment with the 

strategic objectives. 

In this regard, UWC will:

77

Connecting Possibilities• 

 Develop strategic frameworks and implementation plans  

capabilities and skills to meet future challenges in a highly 

for each of the four cross-cutting areas, namely: (i) digital 

competitive and changing environment. This will include the 

transformation; (ii) anchoring the University in place; (iii) 

targeted recruitment of both academic leaders in strategically 

collaborative partnerships within an ecosystem; and (iv) 

identified research areas and senior professional managers.

internationalisation. Over the IOP period, leadership will 

• 

 Develop an effective leadership development and succession-

invest a concerted and sustained effort to harness the 

planning framework that involves much more than attending 

potential of these cross-cutting areas and develop and 

development programmes or filling vacancies. 

maintain a register of cross-cutting projects and partnerships, 

• 

 As part of the leadership-planning strategy, mentors and 

which will include, amongst others, resource needs and 

coaches will be appointed and cross-generational leadership 

expected outcomes. 

will be encouraged.

• 

 Draft and review standard operating procedures, where 

applicable, without reducing creativity to achieve an optimum 

4. Fostering and structuring sustainable, collaborative work 

strategy-culture alignment and to maintain consistency of 

relationships and expanding the University’s knowledge networks 

quality, practices and results. Such procedures will go a long 

and platforms to achieve increased scale and impact 

way to improve efficiency, assign responsibilities as well as 

The changing mission and roles of universities in the knowledge 

communicate expectations, and will assist in modernising 

economy, and their interconnectedness with internal and external 

business processes and documenting change.

roleplayers, necessitate a critical reassessment of the efficacy of 

• 

 Develop a monitoring and evaluation framework for the 

universities’ leadership and work processes and governance systems. 

implementation of the cross-cutting areas.

In line with the previous IOP, the University will continue to foster 

networks and active engagements, which are central to knowledge 

3. Investing in a diverse leadership corps, widely recognised as 

creation and dissemination and which contribute to achieving greater 

credible in national and international terms, to model responses  

synergies across disciplinary silos and geographical boundaries. This 

to South Africa’s transformation challenges and to advance the 

includes collaboration within the institution, as well as engagements 

University’s global competitiveness

with an array of external roleplayers, including local communities, 

It has been said that leaders who have ceased to learn, cease to  

businesses, NGOs, branches of government, and other universities 

lead, and that where leaders are committed to learning, institutional 

and research institutions in South Africa and internationally. Many  

growth and development can follow. UWC will continue to foster a 

of these networks, partnerships and multilateral agreements come 

dynamic and inclusive intellectual environment that will attract and 

with their own challenges, and careful attention needs to be given to 

retain a diverse leadership corps at all levels that will lead the 

ensure that all parties benefit optimally from participation and that 

implementation of a strategic agenda in support of the IOP objectives 

all obligations are met. This requires leadership support and oversight. 

and key strategic priorities.

As a number of externally funded entities proliferate and structures 

The University recognises the need to also focus on succession 

outside the traditional academic departments increase, there is a 

and on preparing the next generation of managers and leaders.

need to pay greater attention and oversight to stated obligations, the 

In this regard, UWC will:

emerging issues and sustaining a trustworthy relationship.

fulfilment of agreements, achieving goal-oriented results, addressing 

• 

 Develop a talent-management strategy and plan to attract, 

retain and develop its leadership pool with the requisite 

In this regard, UWC will:

78

IOP 2021 - 2025• 

 Audit all current formal partnership agreements as the basis 

for developing a stakeholder map, which, in turn, will assist in 

prioritising partnerships that support UWC’s strategic objectives 

in particular. This process will also guide management and 

governance practices and decision-making, particularly in 

relation to the strengthening of priority relationships with 

external partners, and with appropriate communication and 

resource allocation.

• 

 Conduct an internal assessment of the policies, systems  

and processes required for the responsive governance, 

management and oversight of formal partnerships.  

5. Operationalising strategies through efficient modes of execution 

and improved lines of accountability between individuals and 

structures in the University

Bridging the gap between having strategic intentions and carrying 

them out effectively is the perennial challenge of strategy execution. 

Too often, there is a gap between what people say and what they  

do. Effective implementation in a dynamic and rapidly changing 

environment involves building trust and learning from both success 

and failure. Leadership credibility depends on leaders doing what 

they promise and making things happen. By effectively implementing 

plans across functions, formal leadership will play a critical role in 

establishing the credibility of the University’s strategic choices and 

strengthening conviction and confidence. The development of key 

indicators of success, commonly known as key progress indicators 

(KPIs), is widely recognised as best practice. The effectiveness of the 

leadership in the coming years will depend on the effective use of 

meaningful indicators of progress. Among other things, this will 

involve a frequent review of strategic and operational risks to take 

account of changed circumstances, the creation of enabling conditions, 

the removal of obstacles that may impede execution, committing 

and reprioritising resources aligned with strategy, and drawing  

on staff with the requisite skills that enable them to contribute 

meaningfully.

In this regard, UWC will:

79

Connecting Possibilities• 

 Develop an annual performance plan (APP) and establish annual 

priorities based on the IOP and associated multifunctional 

five-year plans, bi-annual action plans and cross-cutting area 

plans (see above) to ensure the sustainable implementation  

of goals and institutionalisation of strategies. There will be  

an increased focus on the annual budgeting process to ensure 

that key strategies are resourced and to achieve strategy-

budget alignment. 

• 

 Raise levels of accountability by identifying and tracking 

meaningful metrics to monitor progress against stated goals 

and objectives. In doing so, the University will engage with 

roleplayers to find appropriate balance between quantitative 

and qualitative indicators across a range of input, output, 

outcomes and impact factors. Where possible, benchmarking 

appropriate indicators against peer institutions will be used to 

also assess UWC’s progress within the national higher 

education system.

• 

 Strengthen the technological and human capacity required  

to facilitate the transparent flow of information required for 

monitoring and decision-making processes. As part of this 

focus, attention will also be given to improving the quality, 

integration and storage of data in support of consistency,  

data integrity and the sharing of information to support 

informed decision-making.

• 

 Build on and further refine existing enterprise risk 

management processes to enhance the effectiveness of 

strategy implementation and to actively mitigate key  

risks. Attention will be given to leveraging digital platforms  

to assist with the assessment of strategic and emerging  

risks more frequently, using, among others, insight-driven 

analytics to proactively refresh the risk profile. 

80

IOP 2021 - 202581

Connecting PossibilitiesIn the implementation of this Institutional Operating Plan,  the leadership, governance and management structures endeavour to ensure all planning, monitoring and evaluation approaches are appropriate to the culture  and ethos of UWC as a knowledge institution.Annexure:
Annual Performance 
Plan Indicators

Annually, the University and its Council will report on progress 

against the targets set for the indicators below.

Goal Area 1: The Student Experience

• 

• 

• 

• 

• 

• 

• 

• 

First-time entering undergraduates

Headcount enrolments (Foundation provision)

Headcount enrolments (total undergraduate)

Headcount enrolments (total postgraduate)

Overall headcount enrolments

 Percentage of postgraduate students as a proportion  

of the overall headcount

 Master’s and doctoral enrolment as a percentage of  

the overall headcount enrolment

Enrolment in high-level CESM categories

Goal Area 2: Learning and Teaching

• 

• 

• 

• 

• 

Graduates (undergraduate)

Success rate

Undergraduate output by scarce skills

Sucess rate of scarce skills

Ratio of FTE students to FTE staff

82

IOP 2021 - 2025Goal Area 3: Research and Innovation

• 

• 

• 

• 

• 

• 

• 

• 

• 

• 

Graduates (postgraduate)

Headcount permanent instruction/research staff (PIRS)

FTE of permanent PIRS

Percentage of PIRS with doctoral degrees

Percentage of NRF-rated researchers amongst PIRS

Publication units per FTE staff

Research master’s graduates

Doctoral graduates

Annual weighted research output

Number of master’s and doctoral graduates per PIRS

Goal Area 4: People Framework

•  

Number of NGAP staff appointed annually

Goal Area 5: Financial Sustainability

• 

• 

• 

• 

Consolidated three-year budget  

 Cash flow projection of revenue and expenditure (over  

a three-year period)

Budget capital plan

Earmarked grants and planned expenditure

Goal Area 7: Developing the Campus and Surrounding Areas

• 

Annual capital spending

83

Connecting Possibilities"
